sum	species
905	hs
784	hs
934	hs
892	hs
880	hs
602	hs
692	hs
713	hs
9	hs
69	hs
847	hs
704	hs
1268	hs
1155	hs
1206	hs
1152	hs
1396	hs
690	hs
316	hs
314	hs
340	hs
350	hs
323	hs
312	hs
347	hs
388	hs
375	hs
359	hs
289	hs
372	hs
143	hs
260	hs
432	hs
484	hs
444	hs
571	hs
198	hs
54	hs
1086	hs
1292	hs
1123	hs
1281	hs
1462	hs
1333	hs
1321	hs
1137	hs
1228	hs
1125	hs
1306	hs
1727	hs
1221	hs
1803	hs
1973	hs
1346	hs
1224	hs
1411	hs
1468	hs
1782	hs
1721	hs
1595	hs
1346	hs
1317	hs
1530	hs
1586	hs
1932	hs
1989	hs
1972	hs
2028	hs
228	hs
263	hs
331	hs
777	hs
523	hs
711	hs
865	hs
479	hs
1021	hs
1193	hs
581	hs
200	hs
145	hs
276	hs
447	hs
441	hs
609	hs
481	hs
570	hs
621	hs
902	hs
625	hs
326	hs
260	hs
1221	hs
1791	hs
1914	hs
547	hs
393	hs
375	hs
538	hs
473	hs
3657	hs
6778	hs
8776	hs
4032	hs
2293	hs
194	hs
2263	hs
3358	hs
4419	hs
4733	hs
5318	hs
2313	hs
1932	hs
3037	hs
500	hs
365	hs
410	hs
369	hs
296	hs
317	hs
410	hs
367	hs
398	hs
337	hs
304	hs
316	hs
372	hs
360	hs
515	hs
449	hs
330	hs
475	hs
76	hs
97	hs
409	hs
504	hs
507	hs
411	hs
438	hs
529	hs
462	hs
686	hs
721	hs
59	hs
1118	hs
1554	hs
2448	hs
2308	hs
6	hs
3745	hs
3939	hs
3064	hs
3313	hs
3546	hs
3948	hs
4049	hs
153	hs
1082	hs
1252	hs
1346	hs
1012	hs
1367	hs
996	hs
1066	hs
124	hs
261	hs
446	hs
523	hs
653	hs
564	hs
414	hs
399	hs
550	hs
464	hs
622	hs
481	hs
527	hs
478	hs
574	hs
3	hs
829	hs
1410	hs
1418	hs
2638	hs
1587	hs
2515	hs
2610	hs
2610	hs
2447	hs
2723	hs
2282	hs
438	hs
263	hs
433	hs
73	hs
237	hs
469	hs
594	hs
807	hs
930	hs
675	hs
743	hs
740	hs
729	hs
737	hs
795	hs
841	hs
739	hs
819	hs
749	hs
804	hs
835	hs
952	hs
865	hs
861	hs
766	hs
111	hs
120	hs
616	hs
495	hs
566	hs
1155	hs
1289	hs
821	hs
662	hs
690	hs
183	hs
359	hs
1027	hs
1359	hs
1351	hs
1832	hs
1498	hs
1624	hs
1694	hs
1794	hs
1928	hs
2345	hs
299	hs
287	hs
416	hs
337	hs
286	hs
319	hs
391	hs
302	hs
356	hs
255	hs
488	hs
900	hs
862	hs
867	hs
787	hs
1166	hs
970	hs
642	hs
1180	hs
932	hs
1030	hs
616	hs
538	hs
848	hs
870	hs
998	hs
179	hs
1810	hs
1673	hs
1933	hs
237	hs
2325	hs
2338	hs
1773	hs
527	hs
1716	hs
1497	hs
94	hs
3739	hs
6329	hs
7023	hs
5541	hs
6100	hs
6052	hs
131	hs
1884	hs
2259	hs
11312	hs
15142	hs
14580	hs
16093	hs
18673	hs
9888	hs
11615	hs
7395	hs
9570	hs
3084	hs
4720	hs
2498	hs
4521	hs
5694	hs
3839	hs
2739	hs
3457	hs
1302	hs
1596	hs
1523	hs
1589	hs
1769	hs
1412	hs
1788	hs
1714	hs
1720	hs
1801	hs
1567	hs
1494	hs
1384	hs
642	hs
1537	hs
1924	hs
1966	hs
1529	hs
1445	hs
1713	hs
736	hs
809	hs
1046	hs
927	hs
1194	hs
229	hs
433	hs
73	hs
39	hs
347	hs
15	hs
747	hs
963	hs
1057	hs
1127	hs
142	hs
1168	hs
1415	hs
1503	hs
1631	hs
1134	hs
848	hs
992	hs
994	hs
293	hs
427	hs
383	hs
365	hs
441	hs
687	hs
2	hs
9	hs
1484	hs
1452	hs
1982	hs
2506	hs
2177	hs
24	hs
382	hs
902	hs
405	hs
52	hs
433	hs
401	hs
50	hs
71	hs
332	hs
436	hs
423	hs
350	hs
20	hs
445	hs
706	hs
638	hs
857	hs
834	hs
1024	hs
620	hs
933	hs
559	hs
896	hs
950	hs
298	hs
32	hs
12	hs
4300	hs
7563	hs
8284	hs
4	hs
8	hs
2	hs
687	hs
693	hs
848	hs
821	hs
1016	hs
1025	hs
1022	hs
1119	hs
812	hs
816	hs
276	hs
290	hs
132	hs
140	hs
236	hs
350	hs
472	hs
280	hs
302	hs
528	hs
492	hs
465	hs
433	hs
465	hs
554	hs
94	hs
264	hs
622	hs
708	hs
606	hs
617	hs
632	hs
705	hs
754	hs
602	hs
728	hs
655	hs
674	hs
699	hs
758	hs
3	hs
149	hs
251	hs
281	hs
237	hs
265	hs
222	hs
210	hs
232	hs
176	hs
109	hs
109	hs
352	hs
300	hs
156	hs
34	hs
186	hs
224	hs
289	hs
229	hs
58	hs
306	hs
276	hs
317	hs
401	hs
369	hs
306	hs
367	hs
263	hs
340	hs
400	hs
374	hs
340	hs
140	hs
524	hs
791	hs
921	hs
754	hs
753	hs
702	hs
712	hs
913	hs
935	hs
882	hs
1124	hs
293	hs
268	hs
23	hs
605	hs
540	hs
781	hs
190	hs
1808	hs
152	hs
1659	hs
2029	hs
1760	hs
2576	hs
1713	hs
1830	hs
1047	hs
1172	hs
1406	hs
1491	hs
1440	hs
1287	hs
976	hs
1574	hs
1616	hs
1363	hs
188	hs
60	hs
346	hs
283	hs
300	hs
284	hs
304	hs
243	hs
215	hs
352	hs
332	hs
298	hs
5	hs
23	hs
375	hs
663	hs
627	hs
920	hs
684	hs
613	hs
733	hs
802	hs
671	hs
957	hs
790	hs
868	hs
766	hs
799	hs
706	hs
654	hs
655	hs
736	hs
687	hs
694	hs
842	hs
954	hs
67	hs
122	hs
303	hs
284	hs
269	hs
251	hs
248	hs
317	hs
343	hs
89	hs
459	hs
381	hs
386	hs
303	hs
273	hs
231	hs
290	hs
159	hs
231	hs
46	hs
55	hs
51	hs
30	hs
30	hs
78	hs
49	hs
68	hs
60	hs
54	hs
62	hs
91	hs
50	hs
76	hs
248	hs
155	hs
103	hs
71	hs
87	hs
144	hs
181	hs
161	hs
142	hs
130	hs
116	hs
129	hs
175	hs
98	hs
99	hs
98	hs
99	hs
138	hs
96	hs
93	hs
159	hs
21	hs
485	hs
815	hs
831	hs
1171	hs
696	hs
952	hs
900	hs
1094	hs
832	hs
950	hs
69	hs
75	hs
3996	hs
2204	hs
560	hs
642	hs
763	hs
875	hs
559	hs
998	hs
1721	hs
2071	hs
782	hs
1218	hs
1039	hs
1193	hs
1708	hs
1263	hs
1356	hs
2082	hs
330	hs
1130	hs
1040	hs
516	hs
1028	hs
609	hs
454	hs
577	hs
545	hs
590	hs
590	hs
694	hs
663	hs
795	hs
600	hs
786	hs
223	hs
288	hs
284	hs
175	hs
632	hs
859	hs
1059	hs
1417	hs
1228	hs
1052	hs
1005	hs
1192	hs
1111	hs
821	hs
810	hs
1066	hs
1183	hs
1188	hs
183	hs
130	hs
155	hs
149	hs
148	hs
128	hs
141	hs
118	hs
130	hs
168	hs
142	hs
5	hs
789	hs
1500	hs
1977	hs
2237	hs
1600	hs
51	hs
49	hs
53	hs
33	hs
9	hs
97	hs
110	hs
7	hs
99	hs
345	hs
524	hs
429	hs
567	hs
66	hs
48	hs
565	hs
478	hs
491	hs
96	hs
342	hs
535	hs
405	hs
240	hs
202	hs
309	hs
491	hs
429	hs
429	hs
541	hs
450	hs
433	hs
84	hs
629	hs
129	hs
344	hs
870	hs
929	hs
919	hs
1019	hs
1107	hs
1028	hs
980	hs
1131	hs
391	hs
1732	hs
2668	hs
4	hs
816	hs
1079	hs
1147	hs
1169	hs
1477	hs
64	hs
409	hs
11	hs
426	hs
393	hs
438	hs
401	hs
301	hs
507	hs
432	hs
417	hs
546	hs
409	hs
26	hs
21	hs
423	hs
536	hs
329	hs
34	hs
377	hs
406	hs
659	hs
613	hs
704	hs
737	hs
798	hs
877	hs
843	hs
204	hs
245	hs
958	hs
852	hs
713	hs
666	hs
4	hs
90	hs
83	hs
113	hs
13	hs
93	hs
87	hs
72	hs
119	hs
294	hs
375	hs
419	hs
333	hs
31	hs
427	hs
520	hs
416	hs
49	hs
348	hs
815	hs
724	hs
883	hs
1038	hs
1100	hs
1147	hs
314	hs
336	hs
1047	hs
1266	hs
668	hs
68	hs
51	hs
42	hs
18	hs
102	hs
101	hs
117	hs
139	hs
121	hs
90	hs
116	hs
124	hs
105	hs
147	hs
132	hs
174	hs
1200	hs
1592	hs
1429	hs
1754	hs
1949	hs
1282	hs
1763	hs
2402	hs
2016	hs
1190	hs
85	hs
67	hs
102	hs
105	hs
1809	hs
2204	hs
2234	hs
1964	hs
2763	hs
1921	hs
2070	hs
1963	hs
1889	hs
2172	hs
243	hs
2629	hs
2133	hs
1813	hs
1879	hs
1486	hs
1955	hs
1767	hs
2196	hs
2236	hs
2136	hs
2436	hs
1195	hs
1076	hs
1183	hs
210	hs
276	hs
366	hs
324	hs
354	hs
331	hs
326	hs
265	hs
348	hs
374	hs
380	hs
335	hs
252	hs
12	hs
373	hs
441	hs
449	hs
456	hs
515	hs
615	hs
735	hs
467	hs
540	hs
585	hs
602	hs
788	hs
529	hs
216	hs
4	hs
4	hs
5	hs
45	hs
749	hs
1272	hs
1285	hs
744	hs
1054	hs
1109	hs
963	hs
1314	hs
1018	hs
1163	hs
811	hs
151	hs
128	hs
16	hs
282	hs
143	hs
193	hs
246	hs
204	hs
247	hs
238	hs
239	hs
294	hs
265	hs
253	hs
236	hs
159	hs
193	hs
270	hs
324	hs
273	hs
272	hs
287	hs
273	hs
264	hs
48	hs
1	hs
4	hs
2	hs
3	hs
6	hs
5	hs
8	hs
9	hs
10	hs
12	hs
15	hs
15	hs
12	hs
16	hs
24	hs
20	hs
20	hs
34	hs
29	hs
23	hs
17	hs
35	hs
27	hs
26	hs
20	hs
26	hs
16	hs
17	hs
29	hs
32	hs
21	hs
28	hs
23	hs
21	hs
21	hs
22	hs
81	hs
124	hs
83	hs
87	hs
123	hs
133	hs
121	hs
186	hs
88	hs
93	hs
163	hs
163	hs
125	hs
107	hs
160	hs
174	hs
121	hs
32	hs
39	hs
158	hs
182	hs
7	hs
9	hs
143	hs
91	hs
260	hs
218	hs
295	hs
175	hs
196	hs
224	hs
25	hs
47	hs
57	hs
62	hs
66	hs
57	hs
76	hs
55	hs
36	hs
906	hs
914	hs
757	hs
1047	hs
1142	hs
1183	hs
1466	hs
112	hs
242	hs
660	hs
1006	hs
1062	hs
1451	hs
1319	hs
1320	hs
1796	hs
1875	hs
1802	hs
2019	hs
1905	hs
1795	hs
2536	hs
2333	hs
2342	hs
2259	hs
1671	hs
58	hs
131	hs
150	hs
255	hs
284	hs
331	hs
252	hs
350	hs
330	hs
290	hs
252	hs
256	hs
272	hs
227	hs
73	hs
17	hs
1713	hs
3926	hs
4399	hs
4646	hs
4253	hs
4759	hs
4422	hs
4116	hs
4057	hs
3143	hs
1947	hs
3105	hs
4274	hs
3332	hs
3434	hs
1560	hs
127	hs
722	hs
318	hs
1368	hs
1310	hs
898	hs
1425	hs
1862	hs
1575	hs
2101	hs
1209	hs
1569	hs
615	hs
20	hs
44	hs
73	hs
88	hs
96	hs
54	hs
169	hs
282	hs
429	hs
464	hs
406	hs
473	hs
567	hs
572	hs
661	hs
552	hs
409	hs
434	hs
70	hs
387	hs
805	hs
1774	hs
2048	hs
1793	hs
1303	hs
1979	hs
2019	hs
881	hs
1160	hs
2574	hs
3227	hs
2551	hs
2647	hs
2448	hs
2089	hs
2516	hs
334	hs
326	hs
235	hs
186	hs
237	hs
227	hs
271	hs
180	hs
160	hs
136	hs
249	hs
305	hs
295	hs
365	hs
241	hs
249	hs
205	hs
301	hs
364	hs
116	hs
22	hs
74	hs
145	hs
121	hs
152	hs
124	hs
87	hs
127	hs
151	hs
14	hs
8	hs
77	hs
156	hs
465	hs
531	hs
648	hs
453	hs
578	hs
843	hs
744	hs
325	hs
851	hs
1078	hs
1085	hs
983	hs
276	hs
379	hs
11	hs
88	hs
120	hs
47	hs
1041	hs
928	hs
1549	hs
1058	hs
155	hs
880	hs
718	hs
573	hs
627	hs
551	hs
409	hs
349	hs
376	hs
342	hs
1840	hs
3102	hs
3514	hs
3762	hs
3856	hs
1366	hs
59	hs
8	hs
240	hs
911	hs
920	hs
1217	hs
1176	hs
1369	hs
1178	hs
1398	hs
892	hs
1229	hs
1601	hs
1036	hs
1368	hs
8	hs
6	hs
13	hs
15	hs
23	hs
16	hs
20	hs
25	hs
25	hs
27	hs
35	hs
93	hs
271	hs
443	hs
446	hs
676	hs
566	hs
785	hs
688	hs
620	hs
734	hs
721	hs
627	hs
766	hs
600	hs
452	hs
688	hs
797	hs
57	hs
54	hs
183	hs
144	hs
142	hs
139	hs
154	hs
181	hs
124	hs
173	hs
158	hs
198	hs
211	hs
157	hs
192	hs
48	hs
30	hs
143	hs
153	hs
70	hs
71	hs
7	hs
3	hs
52	hs
235	hs
335	hs
325	hs
389	hs
375	hs
334	hs
139	hs
127	hs
377	hs
330	hs
428	hs
365	hs
235	hs
377	hs
423	hs
408	hs
433	hs
127	hs
8	hs
148	hs
114	hs
59	hs
160	hs
113	hs
45	hs
74	hs
123	hs
99	hs
111	hs
81	hs
98	hs
42	hs
26	hs
99	hs
136	hs
145	hs
151	hs
123	hs
154	hs
42	hs
62	hs
14	hs
13	hs
23	hs
58	hs
30	hs
24	hs
48	hs
1429	hs
1747	hs
1740	hs
1094	hs
696	hs
1282	hs
1073	hs
1608	hs
2138	hs
2295	hs
2271	hs
2577	hs
2014	hs
2838	hs
2586	hs
1857	hs
434	hs
199	hs
5	hs
631	hs
410	hs
536	hs
300	hs
55	hs
602	hs
612	hs
617	hs
382	hs
492	hs
596	hs
709	hs
763	hs
678	hs
212	hs
32	hs
198	hs
228	hs
1901	hs
2085	hs
2018	hs
2320	hs
2633	hs
1787	hs
2595	hs
2486	hs
2358	hs
2535	hs
2392	hs
1687	hs
1358	hs
2940	hs
2721	hs
1706	hs
1743	hs
2531	hs
2997	hs
38	hs
548	hs
372	hs
439	hs
53	hs
14	hs
38	hs
2847	hs
6863	hs
8254	hs
4574	hs
4974	hs
7210	hs
5345	hs
2732	hs
2423	hs
1822	hs
127	hs
78	hs
1610	hs
2112	hs
1383	hs
5	hs
30	hs
26	hs
21	hs
20	hs
10	hs
21	hs
5103	hs
5821	hs
6200	hs
5448	hs
91	hs
180	hs
237	hs
21	hs
1723	hs
117	hs
126	hs
526	hs
424	hs
346	hs
80	hs
366	hs
429	hs
380	hs
669	hs
612	hs
676	hs
1036	hs
731	hs
640	hs
739	hs
145	hs
427	hs
437	hs
414	hs
431	hs
457	hs
409	hs
593	hs
479	hs
442	hs
583	hs
698	hs
588	hs
823	hs
731	hs
760	hs
685	hs
706	hs
749	hs
538	hs
1116	hs
1217	hs
1431	hs
1631	hs
1121	hs
82	hs
119	hs
338	hs
349	hs
309	hs
426	hs
480	hs
471	hs
187	hs
1172	hs
2058	hs
1809	hs
1998	hs
1564	hs
1648	hs
2201	hs
2205	hs
1896	hs
911	hs
81	hs
222	hs
110	hs
117	hs
333	hs
398	hs
50	hs
40	hs
48	hs
241	hs
22	hs
2	hs
128	hs
303	hs
200	hs
79	hs
42	hs
311	hs
375	hs
311	hs
160	hs
141	hs
12	hs
26	hs
170	hs
56	hs
3	hs
12	hs
7	hs
2	hs
13	hs
565	hs
859	hs
910	hs
673	hs
372	hs
170	hs
443	hs
2	hs
485	hs
10	hs
258	hs
424	hs
318	hs
346	hs
377	hs
93	hs
373	hs
245	hs
356	hs
328	hs
366	hs
351	hs
291	hs
768	hs
456	hs
415	hs
333	hs
205	hs
51	hs
573	hs
524	hs
10	hs
62	hs
114	hs
8	hs
5	hs
1460	hs
49	hs
1502	hs
2908	hs
133	hs
97	hs
120	hs
130	hs
188	hs
213	hs
168	hs
208	hs
50	hs
2	hs
1880	hs
1738	hs
1964	hs
62	hs
58	hs
59	hs
57	hs
47	hs
62	hs
58	hs
52	hs
58	hs
69	hs
71	hs
58	hs
117	hs
35	hs
38	hs
48	hs
635	hs
885	hs
656	hs
716	hs
825	hs
851	hs
758	hs
690	hs
646	hs
722	hs
1097	hs
724	hs
494	hs
417	hs
4	hs
327	hs
250	hs
255	hs
115	hs
79	hs
105	hs
143	hs
97	hs
13	hs
2	hs
26	hs
14	hs
450	hs
290	hs
289	hs
302	hs
313	hs
352	hs
354	hs
306	hs
269	hs
306	hs
7	hs
76	hs
156	hs
299	hs
573	hs
880	hs
868	hs
1004	hs
136	hs
850	hs
851	hs
930	hs
901	hs
719	hs
815	hs
809	hs
2211	hs
2737	hs
730	hs
3448	hs
3803	hs
2904	hs
3020	hs
2394	hs
2037	hs
450	hs
406	hs
363	hs
343	hs
343	hs
337	hs
342	hs
335	hs
424	hs
377	hs
409	hs
406	hs
416	hs
403	hs
389	hs
361	hs
518	hs
420	hs
8	hs
682	hs
806	hs
869	hs
1096	hs
1073	hs
1156	hs
592	hs
390	hs
1138	hs
1050	hs
1238	hs
1007	hs
875	hs
930	hs
747	hs
644	hs
774	hs
474	hs
1037	hs
505	hs
46	hs
597	hs
29	hs
270	hs
325	hs
379	hs
269	hs
336	hs
286	hs
27	hs
323	hs
306	hs
303	hs
319	hs
418	hs
356	hs
358	hs
356	hs
387	hs
360	hs
399	hs
341	hs
424	hs
405	hs
220	hs
251	hs
135	hs
241	hs
518	hs
491	hs
541	hs
524	hs
473	hs
647	hs
489	hs
463	hs
385	hs
238	hs
244	hs
539	hs
147	hs
12	hs
12	hs
26	hs
270	hs
543	hs
429	hs
262	hs
85	hs
481	hs
120	hs
683	hs
407	hs
76	hs
332	hs
8	hs
893	hs
989	hs
786	hs
42	hs
50	hs
6	hs
19	hs
51	hs
35	hs
38	hs
27	hs
29	hs
1059	hs
985	hs
690	hs
484	hs
733	hs
893	hs
1	hs
261	hs
286	hs
264	hs
12	hs
256	hs
352	hs
436	hs
401	hs
398	hs
335	hs
190	hs
294	hs
339	hs
304	hs
332	hs
313	hs
336	hs
353	hs
508	hs
262	hs
248	hs
295	hs
246	hs
131	hs
219	hs
109	hs
247	hs
986	hs
934	hs
877	hs
602	hs
62	hs
103	hs
881	hs
442	hs
437	hs
929	hs
529	hs
740	hs
634	hs
423	hs
369	hs
12	hs
749	hs
767	hs
763	hs
961	hs
921	hs
763	hs
366	hs
752	hs
933	hs
542	hs
1121	hs
1277	hs
1083	hs
1103	hs
3	hs
231	hs
303	hs
360	hs
462	hs
412	hs
493	hs
418	hs
503	hs
517	hs
442	hs
532	hs
503	hs
492	hs
457	hs
343	hs
411	hs
508	hs
337	hs
347	hs
556	hs
489	hs
527	hs
554	hs
755	hs
567	hs
10	hs
10	hs
114	hs
17	hs
15	hs
252	hs
772	hs
945	hs
822	hs
924	hs
986	hs
1031	hs
1014	hs
889	hs
1085	hs
949	hs
1006	hs
969	hs
1029	hs
47	hs
1300	hs
1218	hs
1064	hs
1035	hs
961	hs
1228	hs
1072	hs
1111	hs
1392	hs
1205	hs
1280	hs
1293	hs
908	hs
667	hs
135	hs
78	hs
83	hs
17	hs
145	hs
222	hs
229	hs
147	hs
201	hs
219	hs
205	hs
68	hs
241	hs
275	hs
257	hs
323	hs
318	hs
283	hs
440	hs
313	hs
389	hs
318	hs
313	hs
374	hs
367	hs
318	hs
363	hs
432	hs
387	hs
550	hs
433	hs
377	hs
261	hs
358	hs
365	hs
317	hs
394	hs
378	hs
354	hs
395	hs
507	hs
525	hs
491	hs
490	hs
459	hs
454	hs
558	hs
637	hs
652	hs
690	hs
119	hs
198	hs
4024	hs
3612	hs
4281	hs
3195	hs
2136	hs
2080	hs
2450	hs
2314	hs
2583	hs
3065	hs
42	hs
66	hs
331	hs
394	hs
475	hs
440	hs
334	hs
394	hs
314	hs
396	hs
390	hs
486	hs
441	hs
473	hs
406	hs
605	hs
490	hs
508	hs
179	hs
53	hs
63	hs
202	hs
366	hs
483	hs
553	hs
477	hs
339	hs
108	hs
309	hs
121	hs
9	hs
199	hs
2812	hs
616	hs
2269	hs
1753	hs
2492	hs
1919	hs
1531	hs
671	hs
830	hs
1061	hs
1369	hs
988	hs
1085	hs
860	hs
1163	hs
1331	hs
1432	hs
1034	hs
1344	hs
966	hs
1404	hs
1326	hs
1278	hs
98	hs
352	hs
250	hs
287	hs
342	hs
278	hs
248	hs
303	hs
239	hs
205	hs
299	hs
262	hs
249	hs
319	hs
253	hs
179	hs
265	hs
24	hs
11	hs
11	hs
189	hs
1344	hs
1215	hs
1160	hs
721	hs
1284	hs
1230	hs
1285	hs
1229	hs
1163	hs
1111	hs
1171	hs
1070	hs
460	hs
1401	hs
1608	hs
1610	hs
1725	hs
1491	hs
2057	hs
789	hs
2	hs
27	hs
152	hs
198	hs
259	hs
278	hs
295	hs
358	hs
377	hs
326	hs
284	hs
25	hs
67	hs
68	hs
599	hs
591	hs
725	hs
282	hs
283	hs
828	hs
809	hs
878	hs
862	hs
766	hs
777	hs
853	hs
690	hs
835	hs
722	hs
1111	hs
462	hs
629	hs
1125	hs
1136	hs
1070	hs
998	hs
1236	hs
1160	hs
416	hs
488	hs
23	hs
16	hs
26	hs
459	hs
190	hs
1815	hs
1415	hs
1634	hs
1434	hs
1799	hs
1689	hs
7	hs
2	hs
12	hs
12	hs
2	hs
4	hs
4	hs
4	hs
7	hs
5	hs
12	hs
1612	hs
1625	hs
1438	hs
411	hs
1885	hs
1447	hs
1924	hs
2246	hs
2120	hs
2349	hs
1936	hs
1814	hs
2191	hs
2161	hs
1403	hs
2021	hs
2107	hs
2662	hs
1800	hs
1965	hs
2528	hs
238	hs
644	hs
716	hs
653	hs
814	hs
668	hs
615	hs
674	hs
954	hs
1025	hs
1094	hs
1070	hs
552	hs
1268	hs
1140	hs
1188	hs
1150	hs
1074	hs
540	hs
648	hs
211	hs
1009	hs
788	hs
1012	hs
902	hs
929	hs
956	hs
1000	hs
962	hs
496	hs
1451	hs
664	hs
661	hs
596	hs
295	hs
271	hs
636	hs
751	hs
848	hs
911	hs
856	hs
996	hs
1103	hs
1076	hs
257	hs
696	hs
400	hs
555	hs
731	hs
990	hs
841	hs
1017	hs
1058	hs
1126	hs
1175	hs
822	hs
1054	hs
1255	hs
220	hs
275	hs
148	hs
121	hs
152	hs
128	hs
113	hs
124	hs
181	hs
214	hs
214	hs
4	hs
5	hs
1266	hs
939	hs
969	hs
1536	hs
996	hs
1055	hs
731	hs
1034	hs
1182	hs
1373	hs
1244	hs
1685	hs
1102	hs
1415	hs
1614	hs
11	hs
278	hs
399	hs
624	hs
671	hs
114	hs
54	hs
83	hs
152	hs
213	hs
217	hs
226	hs
232	hs
257	hs
178	hs
276	hs
251	hs
307	hs
87	hs
16	hs
22	hs
44	hs
4	hs
62	hs
35	hs
33	hs
726	hs
664	hs
702	hs
652	hs
537	hs
643	hs
833	hs
976	hs
928	hs
1144	hs
1086	hs
1220	hs
1145	hs
1340	hs
116	hs
131	hs
145	hs
157	hs
208	hs
157	hs
71	hs
90	hs
181	hs
149	hs
185	hs
168	hs
82	hs
16	hs
26	hs
410	hs
440	hs
447	hs
419	hs
207	hs
375	hs
117	hs
58	hs
79	hs
102	hs
44	hs
54	hs
55	hs
60	hs
50	hs
56	hs
39	hs
121	hs
254	hs
241	hs
176	hs
347	hs
368	hs
383	hs
472	hs
424	hs
447	hs
6	hs
13	hs
378	hs
570	hs
405	hs
416	hs
574	hs
762	hs
412	hs
756	hs
390	hs
419	hs
13	hs
143	hs
81	hs
67	hs
60	hs
126	hs
173	hs
149	hs
20	hs
57	hs
64	hs
96	hs
107	hs
112	hs
93	hs
55	hs
65	hs
54	hs
135	hs
87	hs
110	hs
90	hs
87	hs
118	hs
102	hs
107	hs
128	hs
120	hs
72	hs
23	hs
65	hs
64	hs
112	hs
70	hs
112	hs
84	hs
82	hs
110	hs
112	hs
68	hs
91	hs
1365	hs
1464	hs
1630	hs
1677	hs
1518	hs
2007	hs
2393	hs
1667	hs
452	hs
436	hs
320	hs
395	hs
366	hs
417	hs
490	hs
310	hs
329	hs
535	hs
453	hs
324	hs
506	hs
527	hs
503	hs
536	hs
430	hs
413	hs
526	hs
620	hs
521	hs
537	hs
515	hs
438	hs
142	hs
520	hs
543	hs
669	hs
635	hs
832	hs
503	hs
135	hs
178	hs
248	hs
40	hs
37	hs
37	hs
30	hs
453	hs
431	hs
442	hs
262	hs
353	hs
551	hs
488	hs
442	hs
395	hs
421	hs
449	hs
442	hs
474	hs
470	hs
426	hs
463	hs
533	hs
517	hs
574	hs
620	hs
618	hs
433	hs
473	hs
518	hs
566	hs
627	hs
665	hs
694	hs
497	hs
582	hs
584	hs
735	hs
714	hs
914	hs
591	hs
690	hs
796	hs
864	hs
835	hs
656	hs
805	hs
858	hs
4	hs
2850	hs
2409	hs
2024	hs
2408	hs
2832	hs
2143	hs
3547	hs
671	hs
645	hs
756	hs
738	hs
974	hs
569	hs
773	hs
854	hs
901	hs
229	hs
178	hs
753	hs
1036	hs
727	hs
595	hs
181	hs
217	hs
265	hs
206	hs
23	hs
586	hs
518	hs
672	hs
483	hs
395	hs
641	hs
494	hs
580	hs
657	hs
715	hs
743	hs
699	hs
750	hs
526	hs
747	hs
694	hs
749	hs
836	hs
761	hs
1021	hs
873	hs
143	hs
139	hs
992	hs
1165	hs
1307	hs
1183	hs
1595	hs
1302	hs
366	hs
1390	hs
680	hs
909	hs
158	hs
217	hs
487	hs
564	hs
522	hs
514	hs
769	hs
504	hs
707	hs
643	hs
555	hs
549	hs
655	hs
810	hs
865	hs
297	hs
250	hs
753	hs
716	hs
296	hs
436	hs
459	hs
507	hs
585	hs
492	hs
538	hs
734	hs
593	hs
587	hs
43	hs
267	hs
822	hs
829	hs
869	hs
896	hs
920	hs
1167	hs
1077	hs
738	hs
253	hs
385	hs
122	hs
160	hs
511	hs
866	hs
642	hs
941	hs
921	hs
972	hs
959	hs
884	hs
930	hs
741	hs
846	hs
258	hs
626	hs
977	hs
809	hs
1008	hs
768	hs
1200	hs
924	hs
830	hs
1025	hs
667	hs
891	hs
2	hs
115	hs
22	hs
4	hs
48	hs
232	hs
791	hs
942	hs
579	hs
495	hs
578	hs
687	hs
755	hs
32	hs
168	hs
229	hs
1	hs
2	hs
187	hs
296	hs
545	hs
444	hs
441	hs
375	hs
514	hs
532	hs
404	hs
450	hs
379	hs
509	hs
383	hs
754	hs
900	hs
1014	hs
669	hs
693	hs
528	hs
341	hs
635	hs
31	hs
147	hs
131	hs
36	hs
61	hs
92	hs
870	hs
1703	hs
3753	hs
272	hs
297	hs
5417	hs
344	hs
888	hs
1335	hs
1355	hs
1310	hs
1441	hs
1380	hs
312	hs
1173	hs
1378	hs
1384	hs
1589	hs
1335	hs
1384	hs
1291	hs
1604	hs
1183	hs
1369	hs
695	hs
663	hs
644	hs
812	hs
776	hs
879	hs
995	hs
6	hs
128	hs
133	hs
77	hs
116	hs
118	hs
105	hs
135	hs
138	hs
144	hs
163	hs
117	hs
143	hs
87	hs
119	hs
924	hs
770	hs
843	hs
796	hs
1008	hs
984	hs
801	hs
877	hs
872	hs
942	hs
995	hs
1025	hs
640	hs
382	hs
436	hs
606	hs
1037	hs
986	hs
981	hs
177	hs
1127	hs
1165	hs
1093	hs
1645	hs
1217	hs
1058	hs
1264	hs
1301	hs
913	hs
1266	hs
1558	hs
1679	hs
1721	hs
1608	hs
2	hs
2	hs
836	hs
780	hs
130	hs
180	hs
408	hs
443	hs
452	hs
418	hs
370	hs
419	hs
407	hs
513	hs
374	hs
383	hs
445	hs
468	hs
501	hs
481	hs
543	hs
539	hs
542	hs
571	hs
620	hs
639	hs
104	hs
317	hs
296	hs
455	hs
456	hs
453	hs
177	hs
488	hs
187	hs
147	hs
823	hs
812	hs
1063	hs
986	hs
762	hs
809	hs
742	hs
625	hs
25	hs
28	hs
35	hs
410	hs
1128	hs
1504	hs
1767	hs
2491	hs
2097	hs
1740	hs
2093	hs
1857	hs
2118	hs
1748	hs
2242	hs
1994	hs
1926	hs
2060	hs
6	hs
7	hs
230	hs
267	hs
59	hs
101	hs
511	hs
546	hs
483	hs
396	hs
535	hs
584	hs
551	hs
608	hs
722	hs
649	hs
555	hs
560	hs
670	hs
554	hs
642	hs
503	hs
606	hs
624	hs
615	hs
694	hs
396	hs
642	hs
638	hs
301	hs
175	hs
345	hs
24	hs
41	hs
12	hs
11	hs
16	hs
25	hs
34	hs
593	hs
507	hs
591	hs
602	hs
441	hs
619	hs
637	hs
722	hs
625	hs
461	hs
616	hs
395	hs
609	hs
833	hs
532	hs
8	hs
21	hs
35	hs
109	hs
125	hs
167	hs
89	hs
134	hs
149	hs
199	hs
155	hs
173	hs
159	hs
163	hs
215	hs
198	hs
214	hs
219	hs
155	hs
165	hs
138	hs
121	hs
135	hs
151	hs
133	hs
195	hs
220	hs
177	hs
170	hs
196	hs
116	hs
134	hs
204	hs
186	hs
135	hs
240	hs
278	hs
305	hs
231	hs
264	hs
249	hs
150	hs
262	hs
361	hs
215	hs
281	hs
276	hs
251	hs
275	hs
190	hs
439	hs
417	hs
474	hs
342	hs
457	hs
315	hs
124	hs
127	hs
22	hs
39	hs
23	hs
63	hs
756	hs
811	hs
1323	hs
1047	hs
867	hs
1283	hs
1466	hs
2058	hs
1975	hs
1312	hs
128	hs
265	hs
129	hs
926	hs
1150	hs
971	hs
998	hs
972	hs
990	hs
934	hs
825	hs
994	hs
922	hs
1117	hs
1059	hs
1301	hs
1127	hs
1394	hs
1558	hs
665	hs
722	hs
403	hs
268	hs
309	hs
303	hs
224	hs
278	hs
343	hs
52	hs
415	hs
744	hs
1042	hs
10	hs
128	hs
253	hs
181	hs
159	hs
36	hs
243	hs
226	hs
265	hs
316	hs
301	hs
258	hs
57	hs
23	hs
150	hs
30	hs
36	hs
102	hs
42	hs
184	hs
311	hs
274	hs
548	hs
299	hs
3	hs
56	hs
40	hs
13	hs
173	hs
168	hs
185	hs
194	hs
326	hs
280	hs
262	hs
244	hs
144	hs
58	hs
276	hs
299	hs
24	hs
1009	hs
1229	hs
1318	hs
1213	hs
1238	hs
1511	hs
32	hs
300	hs
370	hs
419	hs
292	hs
245	hs
239	hs
324	hs
308	hs
57	hs
503	hs
482	hs
590	hs
563	hs
526	hs
623	hs
568	hs
607	hs
672	hs
742	hs
633	hs
607	hs
619	hs
638	hs
596	hs
6	hs
266	hs
1061	hs
974	hs
1087	hs
203	hs
218	hs
965	hs
1318	hs
866	hs
1392	hs
1887	hs
1755	hs
2113	hs
1687	hs
2101	hs
2769	hs
2027	hs
1867	hs
1745	hs
1932	hs
2544	hs
2129	hs
2124	hs
2397	hs
2050	hs
1898	hs
2072	hs
2391	hs
2059	hs
2230	hs
2487	hs
204	hs
407	hs
748	hs
804	hs
762	hs
754	hs
782	hs
829	hs
730	hs
688	hs
615	hs
738	hs
777	hs
742	hs
641	hs
658	hs
726	hs
931	hs
882	hs
1010	hs
1029	hs
859	hs
943	hs
642	hs
607	hs
715	hs
1186	hs
842	hs
3	hs
1378	hs
1789	hs
1982	hs
1975	hs
2298	hs
1991	hs
1997	hs
2793	hs
3328	hs
2311	hs
2506	hs
2394	hs
2322	hs
2473	hs
2702	hs
3241	hs
3299	hs
3091	hs
3042	hs
3452	hs
3581	hs
2519	hs
3268	hs
3982	hs
2984	hs
2264	hs
3947	hs
3516	hs
4286	hs
4074	hs
3968	hs
3087	hs
3236	hs
3604	hs
499	hs
439	hs
269	hs
326	hs
410	hs
404	hs
425	hs
532	hs
485	hs
464	hs
395	hs
472	hs
478	hs
606	hs
533	hs
416	hs
134	hs
621	hs
910	hs
941	hs
1249	hs
1077	hs
956	hs
1196	hs
1289	hs
1181	hs
1259	hs
1123	hs
1375	hs
1264	hs
1526	hs
297	hs
227	hs
217	hs
121	hs
131	hs
82	hs
39	hs
1913	hs
1934	hs
1365	hs
24	hs
34	hs
761	hs
1264	hs
215	hs
949	hs
1086	hs
780	hs
680	hs
2147	hs
1888	hs
1862	hs
1478	hs
1516	hs
2614	hs
399	hs
46	hs
242	hs
411	hs
386	hs
346	hs
334	hs
359	hs
284	hs
94	hs
62	hs
346	hs
199	hs
189	hs
8736	hs
6260	hs
8302	hs
9192	hs
8763	hs
8765	hs
1758	hs
109	hs
750	hs
638	hs
732	hs
450	hs
249	hs
42	hs
67	hs
117	hs
116	hs
88	hs
107	hs
82	hs
75	hs
66	hs
84	hs
123	hs
67	hs
92	hs
82	hs
27	hs
35	hs
1924	hs
4941	hs
1042	hs
1167	hs
541	hs
274	hs
1021	hs
635	hs
1204	hs
1445	hs
1671	hs
1656	hs
371	hs
327	hs
1799	hs
1545	hs
1748	hs
1676	hs
1376	hs
1188	hs
49	hs
1878	hs
1978	hs
2013	hs
2736	hs
2987	hs
3399	hs
3365	hs
2949	hs
2643	hs
3223	hs
3731	hs
2686	hs
3014	hs
3164	hs
3680	hs
3210	hs
4046	hs
3195	hs
3717	hs
977	hs
1792	hs
3142	hs
2183	hs
2532	hs
1890	hs
1094	hs
1740	hs
2843	hs
1050	hs
961	hs
654	hs
607	hs
723	hs
812	hs
534	hs
296	hs
518	hs
703	hs
600	hs
624	hs
566	hs
914	hs
927	hs
876	hs
507	hs
946	hs
799	hs
942	hs
1014	hs
468	hs
43	hs
94	hs
59	hs
8	hs
7	hs
59	hs
63	hs
61	hs
63	hs
88	hs
49	hs
71	hs
55	hs
70	hs
81	hs
77	hs
90	hs
51	hs
66	hs
73	hs
77	hs
75	hs
83	hs
86	hs
86	hs
60	hs
47	hs
105	hs
223	hs
334	hs
392	hs
440	hs
416	hs
418	hs
490	hs
504	hs
177	hs
165	hs
317	hs
16	hs
221	hs
126	hs
106	hs
124	hs
148	hs
147	hs
182	hs
209	hs
193	hs
258	hs
245	hs
260	hs
237	hs
166	hs
154	hs
230	hs
192	hs
191	hs
282	hs
236	hs
165	hs
200	hs
227	hs
171	hs
209	hs
215	hs
143	hs
175	hs
234	hs
247	hs
144	hs
81	hs
206	hs
329	hs
267	hs
244	hs
275	hs
389	hs
430	hs
377	hs
192	hs
155	hs
338	hs
335	hs
400	hs
412	hs
393	hs
407	hs
99	hs
209	hs
254	hs
174	hs
263	hs
256	hs
327	hs
382	hs
375	hs
327	hs
365	hs
350	hs
361	hs
439	hs
403	hs
162	hs
7	hs
159	hs
1	hs
5	hs
315	hs
284	hs
725	hs
765	hs
775	hs
901	hs
1149	hs
1418	hs
1287	hs
930	hs
1164	hs
862	hs
1061	hs
1028	hs
1132	hs
1059	hs
1093	hs
934	hs
320	hs
378	hs
15	hs
11	hs
449	hs
489	hs
514	hs
571	hs
487	hs
544	hs
574	hs
522	hs
496	hs
504	hs
557	hs
459	hs
355	hs
556	hs
540	hs
589	hs
23	hs
10	hs
36	hs
30	hs
87	hs
74	hs
99	hs
59	hs
66	hs
62	hs
68	hs
79	hs
97	hs
637	hs
626	hs
1180	hs
1313	hs
970	hs
1165	hs
903	hs
1136	hs
37	hs
842	hs
1034	hs
1122	hs
1208	hs
67	hs
49	hs
91	hs
61	hs
70	hs
55	hs
80	hs
53	hs
60	hs
41	hs
54	hs
44	hs
46	hs
52	hs
62	hs
78	hs
64	hs
17	hs
19	hs
16	hs
15	hs
25	hs
18	hs
25	hs
7	hs
8	hs
5	mm
322	mm
354	mm
350	mm
396	mm
377	mm
430	mm
381	mm
393	mm
366	mm
487	mm
367	mm
339	mm
546	mm
505	mm
474	mm
516	mm
253	mm
436	mm
60	mm
118	mm
272	mm
292	mm
231	mm
372	mm
353	mm
414	mm
244	mm
62	mm
94	mm
904	mm
1682	mm
1364	mm
395	mm
1434	mm
1442	mm
1435	mm
1359	mm
1287	mm
1539	mm
1401	mm
1613	mm
770	mm
1089	mm
1060	mm
1262	mm
1234	mm
915	mm
503	mm
1071	mm
705	mm
441	mm
295	mm
524	mm
469	mm
486	mm
449	mm
394	mm
458	mm
182	mm
200	mm
355	mm
375	mm
204	mm
11389	mm
11571	mm
9898	mm
13951	mm
14284	mm
868	mm
1067	mm
363	mm
438	mm
322	mm
398	mm
432	mm
516	mm
417	mm
419	mm
406	mm
402	mm
603	mm
437	mm
528	mm
421	mm
581	mm
10	mm
247	mm
181	mm
332	mm
381	mm
317	mm
109	mm
265	mm
2	mm
170	mm
199	mm
209	mm
188	mm
151	mm
168	mm
125	mm
158	mm
249	mm
296	mm
343	mm
296	mm
349	mm
206	mm
240	mm
281	mm
393	mm
467	mm
68	mm
68	mm
205	mm
242	mm
260	mm
303	mm
426	mm
361	mm
255	mm
331	mm
312	mm
256	mm
323	mm
410	mm
365	mm
501	mm
608	mm
45	mm
22	mm
242	mm
217	mm
326	mm
295	mm
266	mm
344	mm
356	mm
21	mm
683	mm
963	mm
5	mm
14	mm
5	mm
8	mm
5	mm
11	mm
7	mm
6	mm
9	mm
4	mm
12	mm
12	mm
7	mm
23	mm
18	mm
22	mm
11	mm
19	mm
21	mm
6	mm
8	mm
17	mm
8	mm
12	mm
9	mm
18	mm
14	mm
8	mm
13	mm
5	mm
15	mm
12	mm
27	mm
13	mm
23	mm
9	mm
8	mm
1	mm
223	mm
341	mm
385	mm
466	mm
334	mm
534	mm
411	mm
428	mm
398	mm
461	mm
515	mm
494	mm
596	mm
24	mm
30	mm
31	mm
125	mm
253	mm
160	mm
220	mm
372	mm
886	mm
897	mm
1161	mm
774	mm
972	mm
13	mm
361	mm
357	mm
244	mm
287	mm
401	mm
298	mm
385	mm
508	mm
523	mm
408	mm
386	mm
453	mm
473	mm
590	mm
633	mm
531	mm
542	mm
511	mm
541	mm
30	mm
6	mm
3	mm
1	mm
7	mm
3	mm
9	mm
9	mm
6	mm
9	mm
674	mm
629	mm
836	mm
784	mm
985	mm
656	mm
905	mm
752	mm
822	mm
922	mm
143	mm
217	mm
2	mm
6	mm
514	mm
941	mm
1062	mm
845	mm
1051	mm
1060	mm
801	mm
885	mm
860	mm
1252	mm
1214	mm
1219	mm
1445	mm
1220	mm
1311	mm
164	mm
173	mm
72	mm
184	mm
259	mm
269	mm
332	mm
265	mm
295	mm
398	mm
299	mm
250	mm
315	mm
259	mm
292	mm
29	mm
88	mm
132	mm
143	mm
59	mm
178	mm
76	mm
262	mm
144	mm
93	mm
41	mm
382	mm
445	mm
106	mm
100	mm
160	mm
23	mm
4496	mm
4339	mm
2831	mm
3589	mm
3150	mm
4075	mm
3427	mm
159	mm
223	mm
119	mm
230	mm
141	mm
188	mm
199	mm
198	mm
171	mm
208	mm
199	mm
251	mm
255	mm
279	mm
359	mm
316	mm
80	mm
7975	mm
7058	mm
8901	mm
6783	mm
8269	mm
8461	mm
9757	mm
7378	mm
8172	mm
8252	mm
11886	mm
7995	mm
10010	mm
7332	mm
11338	mm
7726	mm
9986	mm
10423	mm
12094	mm
8481	mm
984	mm
980	mm
764	mm
293	mm
950	mm
1081	mm
1689	mm
1168	mm
1176	mm
788	mm
888	mm
1131	mm
690	mm
1371	mm
1301	mm
1280	mm
330	mm
1177	mm
253	mm
635	mm
263	mm
490	mm
599	mm
478	mm
351	mm
411	mm
153	mm
636	mm
1104	mm
1188	mm
551	mm
355	mm
1651	mm
2093	mm
1889	mm
1492	mm
1529	mm
1794	mm
1061	mm
134	mm
169	mm
181	mm
196	mm
208	mm
18	mm
42	mm
155	mm
197	mm
143	mm
197	mm
223	mm
262	mm
299	mm
184	mm
313	mm
285	mm
348	mm
259	mm
302	mm
87	mm
152	mm
243	mm
159	mm
190	mm
149	mm
71	mm
261	mm
292	mm
435	mm
357	mm
384	mm
518	mm
464	mm
577	mm
492	mm
359	mm
625	mm
546	mm
700	mm
655	mm
753	mm
716	mm
711	mm
942	mm
935	mm
1112	mm
937	mm
606	mm
552	mm
356	mm
164	mm
311	mm
328	mm
369	mm
320	mm
323	mm
258	mm
320	mm
60	mm
287	mm
415	mm
200	mm
113	mm
216	mm
77	mm
86	mm
1691	mm
1896	mm
1233	mm
1995	mm
617	mm
254	mm
283	mm
418	mm
506	mm
356	mm
282	mm
386	mm
499	mm
460	mm
651	mm
491	mm
449	mm
514	mm
495	mm
469	mm
459	mm
469	mm
122	mm
1076	mm
1065	mm
1040	mm
751	mm
780	mm
1297	mm
94	mm
79	mm
3823	mm
4260	mm
4659	mm
3037	mm
94	mm
115	mm
1142	mm
1732	mm
2320	mm
1455	mm
2586	mm
1546	mm
2410	mm
2402	mm
2584	mm
2567	mm
2363	mm
1817	mm
572	mm
54	mm
66	mm
43	mm
70	mm
69	mm
90	mm
4	mm
10	mm
220	mm
544	mm
1139	mm
1117	mm
1255	mm
1309	mm
1416	mm
623	mm
980	mm
1655	mm
1415	mm
1531	mm
1157	mm
1722	mm
1858	mm
1048	mm
1082	mm
1691	mm
1596	mm
1704	mm
1518	mm
1638	mm
2437	mm
2108	mm
400	mm
486	mm
3161	mm
2082	mm
2222	mm
3316	mm
3767	mm
3815	mm
4486	mm
3417	mm
3697	mm
3772	mm
3724	mm
3799	mm
5749	mm
1153	mm
1340	mm
1318	mm
2143	mm
1938	mm
2840	mm
3101	mm
2944	mm
3345	mm
3130	mm
2933	mm
2198	mm
1319	mm
3422	mm
3439	mm
2558	mm
2547	mm
1695	mm
181	mm
184	mm
143	mm
52	mm
49	mm
81	mm
60	mm
1	mm
1	mm
4	mm
212	mm
204	mm
233	mm
179	mm
311	mm
212	mm
207	mm
104	mm
159	mm
86	mm
102	mm
158	mm
173	mm
179	mm
188	mm
53	mm
84	mm
114	mm
79	mm
90	mm
40	mm
54	mm
47	mm
196	mm
167	mm
273	mm
82	mm
341	mm
1222	mm
1012	mm
1287	mm
914	mm
396	mm
261	mm
334	mm
314	mm
356	mm
443	mm
544	mm
124	mm
199	mm
354	mm
127	mm
130	mm
231	mm
81	mm
129	mm
100	mm
105	mm
99	mm
103	mm
95	mm
109	mm
138	mm
107	mm
110	mm
87	mm
108	mm
17	mm
172	mm
137	mm
28	mm
1	mm
1249	mm
1810	mm
1455	mm
875	mm
1543	mm
1057	mm
1617	mm
1931	mm
1353	mm
1524	mm
1472	mm
729	mm
1120	mm
976	mm
834	mm
984	mm
157	mm
173	mm
1730	mm
2090	mm
1310	mm
1081	mm
1222	mm
1543	mm
1533	mm
1599	mm
629	mm
856	mm
1280	mm
50	mm
42	mm
1005	mm
1862	mm
1628	mm
163	mm
1107	mm
1156	mm
1112	mm
252	mm
349	mm
184	mm
404	mm
133	mm
112	mm
620	mm
827	mm
861	mm
899	mm
811	mm
716	mm
712	mm
638	mm
741	mm
690	mm
720	mm
109	mm
166	mm
445	mm
679	mm
606	mm
57	mm
595	mm
738	mm
725	mm
769	mm
500	mm
887	mm
506	mm
925	mm
940	mm
774	mm
455	mm
686	mm
218	mm
523	mm
1024	mm
1012	mm
854	mm
1089	mm
1100	mm
1072	mm
122	mm
100	mm
1348	mm
1025	mm
890	mm
899	mm
428	mm
401	mm
280	mm
377	mm
135	mm
494	mm
550	mm
505	mm
357	mm
570	mm
713	mm
852	mm
796	mm
709	mm
482	mm
264	mm
56	mm
305	mm
361	mm
319	mm
360	mm
464	mm
280	mm
170	mm
94	mm
300	mm
357	mm
368	mm
337	mm
251	mm
402	mm
524	mm
531	mm
321	mm
127	mm
57	mm
92	mm
10619	mm
14955	mm
11489	mm
12134	mm
11589	mm
11663	mm
2168	mm
14986	mm
8617	mm
8505	mm
421	mm
515	mm
267	mm
425	mm
732	mm
575	mm
846	mm
751	mm
498	mm
630	mm
694	mm
553	mm
1004	mm
760	mm
894	mm
653	mm
643	mm
542	mm
685	mm
745	mm
841	mm
675	mm
989	mm
837	mm
872	mm
863	mm
562	mm
689	mm
1173	mm
1050	mm
1020	mm
831	mm
344	mm
359	mm
573	mm
460	mm
458	mm
723	mm
476	mm
572	mm
439	mm
540	mm
658	mm
662	mm
637	mm
737	mm
845	mm
741	mm
274	mm
352	mm
356	mm
756	mm
752	mm
531	mm
800	mm
983	mm
533	mm
846	mm
1146	mm
986	mm
459	mm
563	mm
688	mm
519	mm
341	mm
195	mm
13	mm
20	mm
23	mm
13	mm
17	mm
20	mm
26	mm
18	mm
21	mm
4	mm
375	mm
252	mm
247	mm
250	mm
499	mm
293	mm
362	mm
299	mm
322	mm
343	mm
179	mm
280	mm
324	mm
124	mm
93	mm
52	mm
36	mm
47	mm
36	mm
64	mm
48	mm
51	mm
58	mm
56	mm
59	mm
67	mm
52	mm
84	mm
73	mm
70	mm
64	mm
222	mm
313	mm
313	mm
291	mm
235	mm
233	mm
233	mm
255	mm
248	mm
266	mm
316	mm
304	mm
326	mm
324	mm
314	mm
393	mm
231	mm
38	mm
98	mm
237	mm
222	mm
363	mm
494	mm
296	mm
348	mm
62	mm
260	mm
251	mm
230	mm
280	mm
276	mm
219	mm
189	mm
273	mm
361	mm
250	mm
222	mm
206	mm
293	mm
321	mm
266	mm
362	mm
331	mm
279	mm
359	mm
273	mm
229	mm
361	mm
314	mm
350	mm
383	mm
406	mm
554	mm
405	mm
403	mm
358	mm
450	mm
511	mm
479	mm
653	mm
426	mm
516	mm
446	mm
476	mm
867	mm
676	mm
701	mm
614	mm
748	mm
809	mm
738	mm
826	mm
67	mm
84	mm
757	mm
786	mm
833	mm
997	mm
107	mm
548	mm
487	mm
482	mm
283	mm
605	mm
402	mm
441	mm
400	mm
402	mm
311	mm
373	mm
401	mm
289	mm
290	mm
1570	mm
2134	mm
1846	mm
1924	mm
1865	mm
1699	mm
1871	mm
2333	mm
2373	mm
2226	mm
128	mm
950	mm
1292	mm
1245	mm
1290	mm
1195	mm
1279	mm
1268	mm
1681	mm
1154	mm
287	mm
184	mm
142	mm
90	mm
61	mm
4822	mm
4470	mm
4782	mm
4307	mm
4466	mm
4857	mm
5127	mm
363	mm
363	mm
39	mm
827	mm
797	mm
928	mm
746	mm
1025	mm
40	mm
18	mm
9	mm
361	mm
316	mm
328	mm
213	mm
325	mm
486	mm
745	mm
534	mm
633	mm
731	mm
839	mm
906	mm
690	mm
678	mm
804	mm
821	mm
805	mm
339	mm
493	mm
997	mm
914	mm
733	mm
986	mm
765	mm
1074	mm
460	mm
4	mm
3	mm
2	mm
1	mm
2	mm
1	mm
61	mm
86	mm
103	mm
73	mm
98	mm
72	mm
105	mm
104	mm
64	mm
90	mm
79	mm
44	mm
7	mm
11	mm
8	mm
27	mm
2	mm
18	mm
39	mm
36	mm
436	mm
368	mm
399	mm
442	mm
358	mm
364	mm
343	mm
455	mm
282	mm
334	mm
291	mm
438	mm
524	mm
549	mm
547	mm
579	mm
609	mm
627	mm
2	mm
376	mm
316	mm
370	mm
357	mm
387	mm
350	mm
151	mm
385	mm
365	mm
368	mm
257	mm
365	mm
386	mm
490	mm
592	mm
263	mm
713	mm
513	mm
635	mm
694	mm
199	mm
289	mm
51	mm
33	mm
241	mm
399	mm
470	mm
341	mm
592	mm
399	mm
711	mm
578	mm
782	mm
438	mm
493	mm
682	mm
656	mm
667	mm
412	mm
494	mm
510	mm
686	mm
694	mm
664	mm
1209	mm
169	mm
714	mm
1016	mm
1169	mm
1384	mm
1084	mm
825	mm
1482	mm
1542	mm
1734	mm
2256	mm
1689	mm
1594	mm
273	mm
187	mm
216	mm
229	mm
224	mm
218	mm
206	mm
39	mm
206	mm
262	mm
263	mm
552	mm
679	mm
541	mm
665	mm
557	mm
348	mm
884	mm
808	mm
1038	mm
82	mm
441	mm
389	mm
596	mm
787	mm
572	mm
671	mm
790	mm
272	mm
618	mm
742	mm
599	mm
1390	mm
1693	mm
231	mm
528	mm
860	mm
819	mm
779	mm
955	mm
507	mm
790	mm
916	mm
418	mm
115	mm
319	mm
470	mm
418	mm
267	mm
418	mm
37	mm
40	mm
27	mm
46	mm
54	mm
341	mm
405	mm
470	mm
504	mm
282	mm
219	mm
353	mm
377	mm
130	mm
191	mm
430	mm
309	mm
343	mm
171	mm
162	mm
97	mm
471	mm
888	mm
943	mm
10	mm
469	mm
380	mm
428	mm
483	mm
1	mm
214	mm
214	mm
193	mm
216	mm
252	mm
238	mm
258	mm
356	mm
348	mm
306	mm
580	mm
442	mm
353	mm
313	mm
561	mm
638	mm
5	mm
24	mm
591	mm
36	mm
51	mm
431	mm
434	mm
522	mm
492	mm
545	mm
481	mm
127	mm
507	mm
359	mm
972	mm
723	mm
560	mm
610	mm
1142	mm
1138	mm
790	mm
865	mm
1184	mm
1186	mm
939	mm
70	mm
74	mm
34	mm
61	mm
49	mm
39	mm
43	mm
45	mm
68	mm
64	mm
68	mm
65	mm
45	mm
40	mm
489	mm
757	mm
1104	mm
1211	mm
1194	mm
1263	mm
1151	mm
1174	mm
1004	mm
1074	mm
1483	mm
1359	mm
1636	mm
1400	mm
1499	mm
7	mm
5	mm
5	mm
2	mm
11	mm
29	mm
18	mm
12	mm
638	mm
502	mm
398	mm
393	mm
93	mm
128	mm
635	mm
583	mm
694	mm
540	mm
532	mm
603	mm
529	mm
532	mm
639	mm
544	mm
564	mm
640	mm
731	mm
813	mm
892	mm
757	mm
527	mm
207	mm
393	mm
312	mm
337	mm
344	mm
270	mm
392	mm
368	mm
437	mm
319	mm
300	mm
109	mm
2	mm
3	mm
199	mm
195	mm
118	mm
148	mm
184	mm
38	mm
150	mm
158	mm
292	mm
296	mm
209	mm
237	mm
148	mm
119	mm
69	mm
94	mm
133	mm
116	mm
114	mm
165	mm
163	mm
158	mm
155	mm
137	mm
144	mm
142	mm
254	mm
153	mm
144	mm
124	mm
153	mm
156	mm
155	mm
177	mm
40	mm
783	mm
1060	mm
1096	mm
567	mm
730	mm
1186	mm
1809	mm
1238	mm
265	mm
249	mm
346	mm
243	mm
722	mm
936	mm
1007	mm
831	mm
1033	mm
1122	mm
1116	mm
1269	mm
1595	mm
1304	mm
790	mm
1226	mm
1627	mm
1660	mm
1247	mm
1738	mm
1507	mm
2198	mm
1782	mm
2382	mm
2022	mm
1950	mm
1936	mm
1886	mm
1967	mm
1863	mm
2484	mm
3367	mm
3329	mm
2660	mm
2874	mm
1968	mm
2397	mm
2474	mm
381	mm
203	mm
179	mm
162	mm
108	mm
131	mm
148	mm
144	mm
158	mm
124	mm
151	mm
202	mm
182	mm
177	mm
137	mm
148	mm
137	mm
105	mm
67	mm
19	mm
430	mm
2	mm
355	mm
276	mm
317	mm
388	mm
302	mm
409	mm
375	mm
327	mm
271	mm
318	mm
284	mm
443	mm
618	mm
468	mm
346	mm
552	mm
456	mm
354	mm
189	mm
46	mm
40	mm
56	mm
35	mm
39	mm
56	mm
51	mm
51	mm
72	mm
56	mm
35	mm
66	mm
51	mm
59	mm
67	mm
92	mm
50	mm
53	mm
27	mm
19	mm
59	mm
66	mm
7	mm
12	mm
43	mm
48	mm
13	mm
2	mm
629	mm
699	mm
617	mm
1139	mm
164	mm
1041	mm
980	mm
773	mm
957	mm
627	mm
657	mm
843	mm
874	mm
872	mm
954	mm
312	mm
443	mm
453	mm
380	mm
392	mm
394	mm
355	mm
504	mm
636	mm
432	mm
453	mm
101	mm
305	mm
424	mm
477	mm
350	mm
346	mm
405	mm
400	mm
557	mm
213	mm
560	mm
575	mm
517	mm
334	mm
2852	mm
2213	mm
4651	mm
3656	mm
3133	mm
185	mm
206	mm
189	mm
254	mm
241	mm
375	mm
280	mm
257	mm
208	mm
387	mm
414	mm
87	mm
44	mm
1344	mm
2059	mm
1590	mm
2041	mm
2093	mm
708	mm
207	mm
462	mm
515	mm
560	mm
593	mm
615	mm
456	mm
731	mm
591	mm
87	mm
110	mm
69	mm
1607	mm
2203	mm
1415	mm
1291	mm
402	mm
48	mm
485	mm
397	mm
378	mm
421	mm
353	mm
352	mm
439	mm
552	mm
573	mm
680	mm
406	mm
443	mm
526	mm
577	mm
529	mm
564	mm
741	mm
627	mm
668	mm
576	mm
508	mm
565	mm
630	mm
937	mm
726	mm
498	mm
823	mm
1277	mm
1159	mm
1051	mm
1152	mm
1238	mm
1748	mm
2155	mm
1893	mm
1431	mm
2187	mm
1453	mm
1939	mm
2402	mm
2171	mm
1918	mm
1689	mm
38	mm
255	mm
233	mm
216	mm
54	mm
134	mm
245	mm
293	mm
312	mm
222	mm
277	mm
156	mm
251	mm
308	mm
313	mm
247	mm
2	mm
18	mm
41	mm
34	mm
314	mm
452	mm
489	mm
312	mm
373	mm
495	mm
402	mm
305	mm
384	mm
542	mm
433	mm
378	mm
397	mm
867	mm
42	mm
1052	mm
1682	mm
220	mm
364	mm
322	mm
222	mm
390	mm
486	mm
479	mm
414	mm
360	mm
366	mm
335	mm
422	mm
375	mm
314	mm
146	mm
497	mm
373	mm
18	mm
279	mm
264	mm
148	mm
181	mm
190	mm
146	mm
159	mm
126	mm
183	mm
115	mm
131	mm
198	mm
203	mm
199	mm
140	mm
68	mm
584	mm
1001	mm
1238	mm
1067	mm
880	mm
1144	mm
1118	mm
1341	mm
1035	mm
845	mm
157	mm
789	mm
580	mm
566	mm
13	mm
792	mm
799	mm
733	mm
389	mm
296	mm
847	mm
964	mm
784	mm
976	mm
378	mm
231	mm
256	mm
283	mm
198	mm
189	mm
230	mm
326	mm
219	mm
196	mm
277	mm
284	mm
329	mm
272	mm
249	mm
283	mm
266	mm
314	mm
369	mm
305	mm
389	mm
200	mm
334	mm
260	mm
485	mm
608	mm
455	mm
483	mm
386	mm
553	mm
535	mm
477	mm
355	mm
506	mm
484	mm
463	mm
626	mm
883	mm
867	mm
79	mm
50	mm
20	mm
53	mm
75	mm
97	mm
183	mm
119	mm
41	mm
302	mm
809	mm
452	mm
368	mm
1251	mm
1191	mm
1212	mm
1450	mm
938	mm
1376	mm
1215	mm
1422	mm
1651	mm
1290	mm
1501	mm
1690	mm
1877	mm
1508	mm
1687	mm
1432	mm
2620	mm
503	mm
169	mm
259	mm
192	mm
242	mm
219	mm
163	mm
265	mm
170	mm
118	mm
287	mm
334	mm
294	mm
223	mm
338	mm
289	mm
361	mm
20	mm
49	mm
5	mm
189	mm
570	mm
568	mm
677	mm
1263	mm
840	mm
498	mm
658	mm
692	mm
636	mm
826	mm
730	mm
678	mm
1101	mm
689	mm
782	mm
739	mm
751	mm
28	mm
844	mm
1023	mm
859	mm
1204	mm
1321	mm
977	mm
1162	mm
1310	mm
1039	mm
1138	mm
608	mm
815	mm
1106	mm
1002	mm
353	mm
318	mm
350	mm
317	mm
689	mm
39	mm
73	mm
547	mm
804	mm
571	mm
675	mm
447	mm
525	mm
513	mm
766	mm
1132	mm
419	mm
251	mm
121	mm
74	mm
55	mm
93	mm
236	mm
283	mm
349	mm
193	mm
157	mm
236	mm
251	mm
98	mm
93	mm
9	mm
3824	mm
2436	mm
1745	mm
1662	mm
6774	mm
5289	mm
3428	mm
1718	mm
2775	mm
332	mm
574	mm
509	mm
589	mm
389	mm
434	mm
440	mm
706	mm
595	mm
604	mm
64	mm
1025	mm
1597	mm
1313	mm
322	mm
466	mm
270	mm
270	mm
287	mm
378	mm
88	mm
17	mm
4	mm
4	mm
412	mm
409	mm
385	mm
375	mm
331	mm
578	mm
532	mm
559	mm
451	mm
406	mm
362	mm
543	mm
581	mm
304	mm
316	mm
505	mm
95	mm
92	mm
185	mm
146	mm
209	mm
118	mm
216	mm
209	mm
259	mm
172	mm
209	mm
159	mm
214	mm
244	mm
279	mm
341	mm
240	mm
110	mm
107	mm
124	mm
601	mm
551	mm
892	mm
794	mm
752	mm
718	mm
742	mm
291	mm
112	mm
276	mm
515	mm
574	mm
521	mm
489	mm
148	mm
414	mm
602	mm
481	mm
1032	mm
732	mm
732	mm
781	mm
514	mm
234	mm
220	mm
246	mm
247	mm
341	mm
212	mm
370	mm
445	mm
493	mm
427	mm
465	mm
492	mm
421	mm
104	mm
55	mm
43	mm
60	mm
58	mm
58	mm
57	mm
56	mm
76	mm
43	mm
30	mm
48	mm
40	mm
30	mm
18	mm
33	mm
65	mm
53	mm
8	mm
4468	mm
4515	mm
6977	mm
2998	mm
1158	mm
21	mm
41	mm
25	mm
32	mm
42	mm
55	mm
37	mm
27	mm
42	mm
44	mm
22	mm
32	mm
38	mm
44	mm
48	mm
22	mm
55	mm
63	mm
76	mm
61	mm
81	mm
80	mm
115	mm
111	mm
24	mm
45	mm
898	mm
922	mm
1082	mm
1132	mm
1449	mm
1086	mm
716	mm
712	mm
961	mm
1119	mm
1267	mm
1493	mm
972	mm
2264	mm
1747	mm
1516	mm
1136	mm
464	mm
570	mm
703	mm
690	mm
533	mm
653	mm
905	mm
903	mm
670	mm
299	mm
538	mm
232	mm
445	mm
437	mm
340	mm
90	mm
120	mm
500	mm
599	mm
458	mm
534	mm
343	mm
327	mm
198	mm
466	mm
426	mm
438	mm
542	mm
473	mm
460	mm
550	mm
462	mm
486	mm
397	mm
336	mm
618	mm
595	mm
512	mm
223	mm
261	mm
442	mm
271	mm
320	mm
499	mm
439	mm
386	mm
489	mm
574	mm
657	mm
550	mm
690	mm
657	mm
712	mm
740	mm
571	mm
133	mm
240	mm
205	mm
233	mm
289	mm
203	mm
197	mm
207	mm
122	mm
114	mm
162	mm
309	mm
278	mm
292	mm
263	mm
107	mm
674	mm
780	mm
651	mm
670	mm
774	mm
1027	mm
1021	mm
940	mm
411	mm
58	mm
1111	mm
1533	mm
1356	mm
1114	mm
1092	mm
1274	mm
1029	mm
96	mm
155	mm
14	mm
89	mm
124	mm
129	mm
73	mm
73	mm
56	mm
70	mm
65	mm
95	mm
110	mm
33	mm
127	mm
104	mm
59	mm
121	mm
135	mm
114	mm
144	mm
141	mm
197	mm
45	mm
76	mm
108	mm
67	mm
408	mm
1635	mm
1151	mm
833	mm
1199	mm
1281	mm
1258	mm
1241	mm
1170	mm
549	mm
1707	mm
1336	mm
1325	mm
699	mm
117	mm
1835	mm
1226	mm
1552	mm
1352	mm
1325	mm
1542	mm
1848	mm
1862	mm
1141	mm
1854	mm
88	mm
136	mm
148	mm
234	mm
219	mm
273	mm
245	mm
261	mm
391	mm
256	mm
278	mm
294	mm
4	mm
17	mm
46	mm
694	mm
813	mm
688	mm
792	mm
876	mm
733	mm
799	mm
551	mm
780	mm
536	mm
904	mm
1053	mm
938	mm
781	mm
1063	mm
848	mm
1010	mm
753	mm
973	mm
1087	mm
151	mm
778	mm
1432	mm
167	mm
998	mm
677	mm
829	mm
1060	mm
865	mm
10	mm
160	mm
152	mm
58	mm
151	mm
156	mm
170	mm
181	mm
181	mm
132	mm
104	mm
145	mm
166	mm
81	mm
80	mm
30	mm
57	mm
41	mm
15	mm
510	mm
626	mm
916	mm
774	mm
815	mm
727	mm
842	mm
718	mm
960	mm
532	mm
660	mm
559	mm
537	mm
641	mm
156	mm
7	mm
417	mm
614	mm
480	mm
430	mm
369	mm
518	mm
491	mm
489	mm
492	mm
338	mm
507	mm
463	mm
428	mm
509	mm
627	mm
61	mm
64	mm
35	mm
972	mm
1227	mm
1195	mm
1427	mm
1869	mm
1887	mm
1597	mm
44	mm
411	mm
1358	mm
1544	mm
1639	mm
1690	mm
1706	mm
1670	mm
2180	mm
2050	mm
2549	mm
2003	mm
1726	mm
790	mm
1536	mm
2564	mm
2386	mm
530	mm
2118	mm
2148	mm
1038	mm
1612	mm
596	mm
1575	mm
1688	mm
221	mm
247	mm
258	mm
240	mm
222	mm
239	mm
35	mm
106	mm
223	mm
171	mm
37	mm
15	mm
11	mm
152	mm
86	mm
479	mm
404	mm
408	mm
501	mm
504	mm
638	mm
345	mm
496	mm
634	mm
325	mm
595	mm
1015	mm
606	mm
834	mm
63	mm
136	mm
209	mm
157	mm
242	mm
226	mm
212	mm
191	mm
341	mm
233	mm
211	mm
217	mm
263	mm
261	mm
307	mm
286	mm
225	mm
258	mm
244	mm
295	mm
376	mm
314	mm
268	mm
484	mm
27	mm
41	mm
3	mm
149	mm
171	mm
162	mm
171	mm
172	mm
175	mm
188	mm
193	mm
222	mm
187	mm
208	mm
212	mm
154	mm
228	mm
21	mm
232	mm
240	mm
280	mm
306	mm
424	mm
347	mm
183	mm
155	mm
155	mm
150	mm
177	mm
279	mm
209	mm
264	mm
265	mm
236	mm
237	mm
268	mm
265	mm
215	mm
233	mm
342	mm
292	mm
268	mm
248	mm
263	mm
281	mm
80	mm
171	mm
762	mm
908	mm
2057	mm
1775	mm
2161	mm
1195	mm
1092	mm
987	mm
674	mm
2886	mm
2778	mm
2334	mm
3294	mm
3995	mm
3593	mm
570	mm
1066	mm
1723	mm
1670	mm
1553	mm
1193	mm
1129	mm
440	mm
24	mm
22	mm
27	mm
13	mm
16	mm
21	mm
11	mm
21	mm
26	mm
22	mm
24	mm
39	mm
20	mm
17	mm
30	mm
14	mm
18	mm
13	mm
19	mm
19	mm
11	mm
13	mm
17	mm
22	mm
11	mm
177	mm
173	mm
156	mm
121	mm
8	mm
144	mm
233	mm
124	mm
92	mm
166	mm
129	mm
93	mm
148	mm
915	mm
1496	mm
1078	mm
1455	mm
1523	mm
1102	mm
809	mm
1930	mm
739	mm
1114	mm
236	mm
2460	mm
3187	mm
5380	mm
4542	mm
3596	mm
3	mm
87	mm
123	mm
124	mm
155	mm
136	mm
111	mm
29	mm
35	mm
11	mm
27	mm
107	mm
133	mm
66	mm
225	mm
352	mm
309	mm
363	mm
363	mm
146	mm
47	mm
137	mm
150	mm
8	mm
8	mm
10	mm
13	mm
14	mm
14	mm
16	mm
16	mm
35	mm
428	mm
897	mm
807	mm
935	mm
865	mm
128	mm
138	mm
90	mm
174	mm
121	mm
505	mm
505	mm
482	mm
1041	mm
982	mm
3	mm
119	mm
127	mm
228	mm
374	mm
297	mm
123	mm
40	mm
139	mm
49	mm
98	mm
212	mm
196	mm
127	mm
159	mm
175	mm
131	mm
152	mm
141	mm
129	mm
143	mm
162	mm
169	mm
194	mm
155	mm
146	mm
158	mm
186	mm
196	mm
199	mm
187	mm
225	mm
180	mm
171	mm
183	mm
268	mm
209	mm
222	mm
113	mm
240	mm
285	mm
415	mm
374	mm
311	mm
326	mm
48	mm
6	mm
1554	mm
1588	mm
1727	mm
114	mm
127	mm
144	mm
109	mm
159	mm
153	mm
218	mm
161	mm
166	mm
127	mm
192	mm
8	mm
205	mm
39	mm
186	mm
139	mm
155	mm
126	mm
259	mm
729	mm
578	mm
817	mm
576	mm
848	mm
778	mm
957	mm
282	mm
204	mm
147	mm
201	mm
170	mm
156	mm
170	mm
188	mm
191	mm
189	mm
252	mm
242	mm
267	mm
218	mm
184	mm
54	mm
47	mm
24	mm
41	mm
15	mm
59	mm
46	mm
8	mm
117	mm
85	mm
59	mm
53	mm
118	mm
138	mm
261	mm
209	mm
193	mm
52	mm
85	mm
269	mm
344	mm
178	mm
219	mm
226	mm
340	mm
280	mm
242	mm
253	mm
324	mm
275	mm
253	mm
315	mm
351	mm
334	mm
240	mm
241	mm
304	mm
370	mm
359	mm
416	mm
296	mm
339	mm
385	mm
447	mm
430	mm
503	mm
393	mm
409	mm
509	mm
466	mm
444	mm
710	mm
735	mm
466	mm
740	mm
491	mm
784	mm
574	mm
492	mm
616	mm
759	mm
15	mm
1222	mm
986	mm
1479	mm
1131	mm
1211	mm
1213	mm
1215	mm
864	mm
70	mm
2	mm
2	mm
1181	mm
1645	mm
2206	mm
1420	mm
1692	mm
1408	mm
1136	mm
954	mm
1779	mm
1814	mm
1314	mm
263	mm
294	mm
858	mm
756	mm
637	mm
684	mm
744	mm
749	mm
734	mm
1297	mm
236	mm
32	mm
40	mm
66	mm
5	mm
22	mm
104	mm
81	mm
82	mm
83	mm
145	mm
121	mm
86	mm
123	mm
81	mm
108	mm
114	mm
118	mm
109	mm
127	mm
136	mm
139	mm
148	mm
170	mm
172	mm
116	mm
117	mm
98	mm
662	mm
136	mm
1318	mm
1097	mm
1013	mm
880	mm
1382	mm
1652	mm
1117	mm
728	mm
1149	mm
879	mm
504	mm
587	mm
441	mm
679	mm
666	mm
564	mm
727	mm
582	mm
676	mm
260	mm
109	mm
211	mm
1349	mm
1565	mm
828	mm
1182	mm
1307	mm
1631	mm
1479	mm
1117	mm
373	mm
496	mm
803	mm
69	mm
203	mm
111	mm
167	mm
222	mm
260	mm
277	mm
346	mm
287	mm
339	mm
293	mm
135	mm
54	mm
203	mm
242	mm
49	mm
2088	mm
1963	mm
3119	mm
2623	mm
301	mm
394	mm
307	mm
284	mm
460	mm
362	mm
507	mm
604	mm
706	mm
648	mm
337	mm
363	mm
327	mm
209	mm
198	mm
220	mm
232	mm
238	mm
111	mm
143	mm
260	mm
319	mm
265	mm
370	mm
317	mm
355	mm
142	mm
88	mm
86	mm
91	mm
96	mm
90	mm
81	mm
122	mm
111	mm
124	mm
76	mm
325	mm
168	mm
455	mm
512	mm
430	mm
444	mm
517	mm
585	mm
785	mm
462	mm
472	mm
647	mm
638	mm
621	mm
614	mm
522	mm
670	mm
1125	mm
203	mm
232	mm
39	mm
105	mm
103	mm
119	mm
141	mm
265	mm
721	mm
696	mm
790	mm
622	mm
693	mm
752	mm
1108	mm
653	mm
788	mm
1066	mm
727	mm
800	mm
783	mm
909	mm
831	mm
1020	mm
596	mm
536	mm
1136	mm
1185	mm
227	mm
234	mm
752	mm
504	mm
80	mm
224	mm
163	mm
425	mm
418	mm
531	mm
572	mm
552	mm
640	mm
539	mm
737	mm
664	mm
493	mm
663	mm
540	mm
811	mm
553	mm
663	mm
618	mm
691	mm
592	mm
678	mm
770	mm
678	mm
898	mm
804	mm
690	mm
951	mm
754	mm
1173	mm
911	mm
833	mm
859	mm
162	mm
556	mm
549	mm
524	mm
812	mm
766	mm
1250	mm
892	mm
239	mm
195	mm
275	mm
313	mm
304	mm
378	mm
299	mm
148	mm
150	mm
6	mm
1829	mm
23	mm
1661	mm
1892	mm
1553	mm
1867	mm
1649	mm
1886	mm
430	mm
577	mm
672	mm
535	mm
474	mm
348	mm
573	mm
656	mm
638	mm
433	mm
741	mm
351	mm
964	mm
842	mm
1307	mm
1073	mm
1003	mm
336	mm
383	mm
762	mm
168	mm
1285	mm
624	mm
886	mm
484	mm
50	mm
280	mm
320	mm
501	mm
411	mm
337	mm
409	mm
385	mm
31	mm
309	mm
411	mm
270	mm
194	mm
118	mm
393	mm
649	mm
469	mm
400	mm
179	mm
310	mm
272	mm
910	mm
1115	mm
975	mm
811	mm
575	mm
1446	mm
1273	mm
1033	mm
1728	mm
1268	mm
1305	mm
1243	mm
1328	mm
1428	mm
875	mm
1779	mm
1455	mm
1727	mm
1965	mm
194	mm
294	mm
319	mm
135	mm
103	mm
344	mm
151	mm
122	mm
143	mm
191	mm
151	mm
237	mm
149	mm
137	mm
199	mm
147	mm
219	mm
242	mm
261	mm
320	mm
1	mm
309	mm
1	mm
664	mm
224	mm
553	mm
495	mm
522	mm
607	mm
410	mm
325	mm
569	mm
487	mm
494	mm
276	mm
444	mm
506	mm
508	mm
456	mm
424	mm
256	mm
410	mm
627	mm
677	mm
548	mm
563	mm
525	mm
384	mm
577	mm
790	mm
631	mm
711	mm
677	mm
150	mm
314	mm
690	mm
1218	mm
1188	mm
684	mm
792	mm
1040	mm
223	mm
630	mm
278	mm
4	mm
74	mm
105	mm
786	mm
839	mm
1167	mm
1415	mm
1301	mm
1557	mm
1520	mm
860	mm
1411	mm
1705	mm
1461	mm
1662	mm
1939	mm
1583	mm
1040	mm
1495	mm
1551	mm
1041	mm
31	mm
28	mm
62	mm
75	mm
62	mm
37	mm
46	mm
99	mm
81	mm
61	mm
64	mm
70	mm
90	mm
89	mm
74	mm
84	mm
77	mm
46	mm
68	mm
79	mm
72	mm
70	mm
63	mm
78	mm
51	mm
105	mm
104	mm
90	mm
98	mm
63	mm
94	mm
108	mm
123	mm
95	mm
71	mm
84	mm
106	mm
118	mm
117	mm
152	mm
90	mm
140	mm
111	mm
168	mm
192	mm
184	mm
150	mm
132	mm
137	mm
203	mm
198	mm
149	mm
232	mm
231	mm
278	mm
45	mm
41	mm
571	mm
704	mm
559	mm
655	mm
686	mm
716	mm
838	mm
832	mm
808	mm
430	mm
739	mm
458	mm
684	mm
805	mm
232	mm
787	mm
1282	mm
1074	mm
1437	mm
1374	mm
1405	mm
1297	mm
1283	mm
279	mm
293	mm
518	mm
771	mm
16	mm
862	mm
840	mm
924	mm
896	mm
894	mm
247	mm
329	mm
364	mm
467	mm
238	mm
574	mm
82	mm
140	mm
36	mm
368	mm
368	mm
514	mm
573	mm
175	mm
217	mm
375	mm
690	mm
601	mm
775	mm
325	mm
217	mm
455	mm
489	mm
557	mm
700	mm
623	mm
377	mm
561	mm
655	mm
627	mm
676	mm
679	mm
775	mm
967	mm
936	mm
6	mm
186	mm
131	mm
133	mm
123	mm
88	mm
161	mm
176	mm
199	mm
156	mm
187	mm
9	mm
68	mm
39	mm
40	mm
109	mm
62	mm
59	mm
84	mm
80	mm
122	mm
85	mm
28	mm
103	mm
103	mm
142	mm
110	mm
130	mm
507	mm
238	mm
168	mm
351	mm
177	mm
30	mm
53	mm
640	mm
1077	mm
178	mm
409	mm
156	mm
212	mm
474	mm
547	mm
679	mm
577	mm
619	mm
645	mm
523	mm
424	mm
82	mm
135	mm
87	mm
153	mm
212	mm
152	mm
243	mm
109	mm
142	mm
180	mm
176	mm
193	mm
2	mm
28	mm
76	mm
75	mm
127	mm
116	mm
132	mm
98	mm
112	mm
48	mm
71	mm
47	mm
22	mm
50	mm
28	mm
15	mm
89	mm
145	mm
132	mm
119	mm
122	mm
112	mm
174	mm
166	mm
178	mm
214	mm
201	mm
110	mm
175	mm
218	mm
216	mm
202	mm
127	mm
181	mm
163	mm
214	mm
103	mm
155	mm
113	mm
9	mm
176	mm
295	mm
378	mm
269	mm
247	mm
322	mm
730	mm
682	mm
625	mm
794	mm
755	mm
786	mm
256	mm
675	mm
906	mm
763	mm
663	mm
850	mm
765	mm
924	mm
941	mm
325	mm
10	clf
644	clf
708	clf
700	clf
792	clf
754	clf
860	clf
762	clf
786	clf
732	clf
974	clf
734	clf
678	clf
1092	clf
1010	clf
948	clf
1032	clf
506	clf
872	clf
120	clf
236	clf
544	clf
584	clf
462	clf
744	clf
706	clf
828	clf
488	clf
124	clf
188	clf
1808	clf
3364	clf
2728	clf
790	clf
2868	clf
2884	clf
2870	clf
2718	clf
2574	clf
3078	clf
2802	clf
3226	clf
1540	clf
2178	clf
2120	clf
2524	clf
2468	clf
1830	clf
1006	clf
2142	clf
1410	clf
882	clf
590	clf
1048	clf
938	clf
972	clf
898	clf
788	clf
916	clf
364	clf
400	clf
710	clf
750	clf
408	clf
22778	clf
23142	clf
19796	clf
27902	clf
28568	clf
1736	clf
2134	clf
726	clf
876	clf
644	clf
796	clf
864	clf
1032	clf
834	clf
838	clf
812	clf
804	clf
1206	clf
874	clf
1056	clf
842	clf
1162	clf
20	clf
494	clf
362	clf
664	clf
762	clf
634	clf
218	clf
530	clf
4	clf
340	clf
398	clf
418	clf
376	clf
302	clf
336	clf
250	clf
316	clf
498	clf
592	clf
686	clf
592	clf
698	clf
412	clf
480	clf
562	clf
786	clf
934	clf
136	clf
136	clf
410	clf
484	clf
520	clf
606	clf
852	clf
722	clf
510	clf
662	clf
624	clf
512	clf
646	clf
820	clf
730	clf
1002	clf
1216	clf
90	clf
44	clf
484	clf
434	clf
652	clf
590	clf
532	clf
688	clf
712	clf
42	clf
1366	clf
1926	clf
10	clf
28	clf
10	clf
16	clf
10	clf
22	clf
14	clf
12	clf
18	clf
8	clf
24	clf
24	clf
14	clf
46	clf
36	clf
44	clf
22	clf
38	clf
42	clf
12	clf
16	clf
34	clf
16	clf
24	clf
18	clf
36	clf
28	clf
16	clf
26	clf
10	clf
30	clf
24	clf
54	clf
26	clf
46	clf
18	clf
16	clf
2	clf
446	clf
682	clf
770	clf
932	clf
668	clf
1068	clf
822	clf
856	clf
796	clf
922	clf
1030	clf
988	clf
1192	clf
48	clf
60	clf
62	clf
250	clf
506	clf
320	clf
440	clf
744	clf
1772	clf
1794	clf
2322	clf
1548	clf
1944	clf
26	clf
722	clf
714	clf
488	clf
574	clf
802	clf
596	clf
770	clf
1016	clf
1046	clf
816	clf
772	clf
906	clf
946	clf
1180	clf
1266	clf
1062	clf
1084	clf
1022	clf
1082	clf
60	clf
12	clf
6	clf
2	clf
14	clf
6	clf
18	clf
18	clf
12	clf
18	clf
1348	clf
1258	clf
1672	clf
1568	clf
1970	clf
1312	clf
1810	clf
1504	clf
1644	clf
1844	clf
286	clf
434	clf
4	clf
12	clf
1028	clf
1882	clf
2124	clf
1690	clf
2102	clf
2120	clf
1602	clf
1770	clf
1720	clf
2504	clf
2428	clf
2438	clf
2890	clf
2440	clf
2622	clf
328	clf
346	clf
144	clf
368	clf
518	clf
538	clf
664	clf
530	clf
590	clf
796	clf
598	clf
500	clf
630	clf
518	clf
584	clf
58	clf
176	clf
264	clf
286	clf
118	clf
356	clf
152	clf
524	clf
288	clf
186	clf
82	clf
764	clf
890	clf
212	clf
200	clf
320	clf
46	clf
8992	clf
8678	clf
5662	clf
7178	clf
6300	clf
8150	clf
6854	clf
318	clf
446	clf
238	clf
460	clf
282	clf
376	clf
398	clf
396	clf
342	clf
416	clf
398	clf
502	clf
510	clf
558	clf
718	clf
632	clf
160	clf
15950	clf
14116	clf
17802	clf
13566	clf
16538	clf
16922	clf
19514	clf
14756	clf
16344	clf
16504	clf
23772	clf
15990	clf
20020	clf
14664	clf
22676	clf
15452	clf
19972	clf
20846	clf
24188	clf
16962	clf
1968	clf
1960	clf
1528	clf
586	clf
1900	clf
2162	clf
3378	clf
2336	clf
2352	clf
1576	clf
1776	clf
2262	clf
1380	clf
2742	clf
2602	clf
2560	clf
660	clf
2354	clf
506	clf
1270	clf
526	clf
980	clf
1198	clf
956	clf
702	clf
822	clf
306	clf
1272	clf
2208	clf
2376	clf
1102	clf
710	clf
3302	clf
4186	clf
3778	clf
2984	clf
3058	clf
3588	clf
2122	clf
268	clf
338	clf
362	clf
392	clf
416	clf
36	clf
84	clf
310	clf
394	clf
286	clf
394	clf
446	clf
524	clf
598	clf
368	clf
626	clf
570	clf
696	clf
518	clf
604	clf
174	clf
304	clf
486	clf
318	clf
380	clf
298	clf
142	clf
522	clf
584	clf
870	clf
714	clf
768	clf
1036	clf
928	clf
1154	clf
984	clf
718	clf
1250	clf
1092	clf
1400	clf
1310	clf
1506	clf
1432	clf
1422	clf
1884	clf
1870	clf
2224	clf
1874	clf
1212	clf
1104	clf
712	clf
328	clf
622	clf
656	clf
738	clf
640	clf
646	clf
516	clf
640	clf
120	clf
574	clf
830	clf
400	clf
226	clf
432	clf
154	clf
172	clf
3382	clf
3792	clf
2466	clf
3990	clf
1234	clf
508	clf
566	clf
836	clf
1012	clf
712	clf
564	clf
772	clf
998	clf
920	clf
1302	clf
982	clf
898	clf
1028	clf
990	clf
938	clf
918	clf
938	clf
244	clf
2152	clf
2130	clf
2080	clf
1502	clf
1560	clf
2594	clf
188	clf
158	clf
7646	clf
8520	clf
9318	clf
6074	clf
188	clf
230	clf
2284	clf
3464	clf
4640	clf
2910	clf
5172	clf
3092	clf
4820	clf
4804	clf
5168	clf
5134	clf
4726	clf
3634	clf
1144	clf
108	clf
132	clf
86	clf
140	clf
138	clf
180	clf
8	clf
20	clf
440	clf
1088	clf
2278	clf
2234	clf
2510	clf
2618	clf
2832	clf
1246	clf
1960	clf
3310	clf
2830	clf
3062	clf
2314	clf
3444	clf
3716	clf
2096	clf
2164	clf
3382	clf
3192	clf
3408	clf
3036	clf
3276	clf
4874	clf
4216	clf
800	clf
972	clf
6322	clf
4164	clf
4444	clf
6632	clf
7534	clf
7630	clf
8972	clf
6834	clf
7394	clf
7544	clf
7448	clf
7598	clf
11498	clf
2306	clf
2680	clf
2636	clf
4286	clf
3876	clf
5680	clf
6202	clf
5888	clf
6690	clf
6260	clf
5866	clf
4396	clf
2638	clf
6844	clf
6878	clf
5116	clf
5094	clf
3390	clf
362	clf
368	clf
286	clf
104	clf
98	clf
162	clf
120	clf
2	clf
2	clf
8	clf
424	clf
408	clf
466	clf
358	clf
622	clf
424	clf
414	clf
208	clf
318	clf
172	clf
204	clf
316	clf
346	clf
358	clf
376	clf
106	clf
168	clf
228	clf
158	clf
180	clf
80	clf
108	clf
94	clf
392	clf
334	clf
546	clf
164	clf
682	clf
2444	clf
2024	clf
2574	clf
1828	clf
792	clf
522	clf
668	clf
628	clf
712	clf
886	clf
1088	clf
248	clf
398	clf
708	clf
254	clf
260	clf
462	clf
162	clf
258	clf
200	clf
210	clf
198	clf
206	clf
190	clf
218	clf
276	clf
214	clf
220	clf
174	clf
216	clf
34	clf
344	clf
274	clf
56	clf
2	clf
2498	clf
3620	clf
2910	clf
1750	clf
3086	clf
2114	clf
3234	clf
3862	clf
2706	clf
3048	clf
2944	clf
1458	clf
2240	clf
1952	clf
1668	clf
1968	clf
314	clf
346	clf
3460	clf
4180	clf
2620	clf
2162	clf
2444	clf
3086	clf
3066	clf
3198	clf
1258	clf
1712	clf
2560	clf
100	clf
84	clf
2010	clf
3724	clf
3256	clf
326	clf
2214	clf
2312	clf
2224	clf
504	clf
698	clf
368	clf
808	clf
266	clf
224	clf
1240	clf
1654	clf
1722	clf
1798	clf
1622	clf
1432	clf
1424	clf
1276	clf
1482	clf
1380	clf
1440	clf
218	clf
332	clf
890	clf
1358	clf
1212	clf
114	clf
1190	clf
1476	clf
1450	clf
1538	clf
1000	clf
1774	clf
1012	clf
1850	clf
1880	clf
1548	clf
910	clf
1372	clf
436	clf
1046	clf
2048	clf
2024	clf
1708	clf
2178	clf
2200	clf
2144	clf
244	clf
200	clf
2696	clf
2050	clf
1780	clf
1798	clf
856	clf
802	clf
560	clf
754	clf
270	clf
988	clf
1100	clf
1010	clf
714	clf
1140	clf
1426	clf
1704	clf
1592	clf
1418	clf
964	clf
528	clf
112	clf
610	clf
722	clf
638	clf
720	clf
928	clf
560	clf
340	clf
188	clf
600	clf
714	clf
736	clf
674	clf
502	clf
804	clf
1048	clf
1062	clf
642	clf
254	clf
114	clf
184	clf
21238	clf
29910	clf
22978	clf
24268	clf
23178	clf
23326	clf
4336	clf
29972	clf
17234	clf
17010	clf
842	clf
1030	clf
534	clf
850	clf
1464	clf
1150	clf
1692	clf
1502	clf
996	clf
1260	clf
1388	clf
1106	clf
2008	clf
1520	clf
1788	clf
1306	clf
1286	clf
1084	clf
1370	clf
1490	clf
1682	clf
1350	clf
1978	clf
1674	clf
1744	clf
1726	clf
1124	clf
1378	clf
2346	clf
2100	clf
2040	clf
1662	clf
688	clf
718	clf
1146	clf
920	clf
916	clf
1446	clf
952	clf
1144	clf
878	clf
1080	clf
1316	clf
1324	clf
1274	clf
1474	clf
1690	clf
1482	clf
548	clf
704	clf
712	clf
1512	clf
1504	clf
1062	clf
1600	clf
1966	clf
1066	clf
1692	clf
2292	clf
1972	clf
918	clf
1126	clf
1376	clf
1038	clf
682	clf
390	clf
26	clf
40	clf
46	clf
26	clf
34	clf
40	clf
52	clf
36	clf
42	clf
8	clf
750	clf
504	clf
494	clf
500	clf
998	clf
586	clf
724	clf
598	clf
644	clf
686	clf
358	clf
560	clf
648	clf
248	clf
186	clf
104	clf
72	clf
94	clf
72	clf
128	clf
96	clf
102	clf
116	clf
112	clf
118	clf
134	clf
104	clf
168	clf
146	clf
140	clf
128	clf
444	clf
626	clf
626	clf
582	clf
470	clf
466	clf
466	clf
510	clf
496	clf
532	clf
632	clf
608	clf
652	clf
648	clf
628	clf
786	clf
462	clf
76	clf
196	clf
474	clf
444	clf
726	clf
988	clf
592	clf
696	clf
124	clf
520	clf
502	clf
460	clf
560	clf
552	clf
438	clf
378	clf
546	clf
722	clf
500	clf
444	clf
412	clf
586	clf
642	clf
532	clf
724	clf
662	clf
558	clf
718	clf
546	clf
458	clf
722	clf
628	clf
700	clf
766	clf
812	clf
1108	clf
810	clf
806	clf
716	clf
900	clf
1022	clf
958	clf
1306	clf
852	clf
1032	clf
892	clf
952	clf
1734	clf
1352	clf
1402	clf
1228	clf
1496	clf
1618	clf
1476	clf
1652	clf
134	clf
168	clf
1514	clf
1572	clf
1666	clf
1994	clf
214	clf
1096	clf
974	clf
964	clf
566	clf
1210	clf
804	clf
882	clf
800	clf
804	clf
622	clf
746	clf
802	clf
578	clf
580	clf
3140	clf
4268	clf
3692	clf
3848	clf
3730	clf
3398	clf
3742	clf
4666	clf
4746	clf
4452	clf
256	clf
1900	clf
2584	clf
2490	clf
2580	clf
2390	clf
2558	clf
2536	clf
3362	clf
2308	clf
574	clf
368	clf
284	clf
180	clf
122	clf
9644	clf
8940	clf
9564	clf
8614	clf
8932	clf
9714	clf
10254	clf
726	clf
726	clf
78	clf
1654	clf
1594	clf
1856	clf
1492	clf
2050	clf
80	clf
36	clf
18	clf
722	clf
632	clf
656	clf
426	clf
650	clf
972	clf
1490	clf
1068	clf
1266	clf
1462	clf
1678	clf
1812	clf
1380	clf
1356	clf
1608	clf
1642	clf
1610	clf
678	clf
986	clf
1994	clf
1828	clf
1466	clf
1972	clf
1530	clf
2148	clf
920	clf
8	clf
6	clf
4	clf
2	clf
4	clf
2	clf
122	clf
172	clf
206	clf
146	clf
196	clf
144	clf
210	clf
208	clf
128	clf
180	clf
158	clf
88	clf
14	clf
22	clf
16	clf
54	clf
4	clf
36	clf
78	clf
72	clf
872	clf
736	clf
798	clf
884	clf
716	clf
728	clf
686	clf
910	clf
564	clf
668	clf
582	clf
876	clf
1048	clf
1098	clf
1094	clf
1158	clf
1218	clf
1254	clf
4	clf
752	clf
632	clf
740	clf
714	clf
774	clf
700	clf
302	clf
770	clf
730	clf
736	clf
514	clf
730	clf
772	clf
980	clf
1184	clf
526	clf
1426	clf
1026	clf
1270	clf
1388	clf
398	clf
578	clf
102	clf
66	clf
482	clf
798	clf
940	clf
682	clf
1184	clf
798	clf
1422	clf
1156	clf
1564	clf
876	clf
986	clf
1364	clf
1312	clf
1334	clf
824	clf
988	clf
1020	clf
1372	clf
1388	clf
1328	clf
2418	clf
338	clf
1428	clf
2032	clf
2338	clf
2768	clf
2168	clf
1650	clf
2964	clf
3084	clf
3468	clf
4512	clf
3378	clf
3188	clf
546	clf
374	clf
432	clf
458	clf
448	clf
436	clf
412	clf
78	clf
412	clf
524	clf
526	clf
1104	clf
1358	clf
1082	clf
1330	clf
1114	clf
696	clf
1768	clf
1616	clf
2076	clf
164	clf
882	clf
778	clf
1192	clf
1574	clf
1144	clf
1342	clf
1580	clf
544	clf
1236	clf
1484	clf
1198	clf
2780	clf
3386	clf
462	clf
1056	clf
1720	clf
1638	clf
1558	clf
1910	clf
1014	clf
1580	clf
1832	clf
836	clf
230	clf
638	clf
940	clf
836	clf
534	clf
836	clf
74	clf
80	clf
54	clf
92	clf
108	clf
682	clf
810	clf
940	clf
1008	clf
564	clf
438	clf
706	clf
754	clf
260	clf
382	clf
860	clf
618	clf
686	clf
342	clf
324	clf
194	clf
942	clf
1776	clf
1886	clf
20	clf
938	clf
760	clf
856	clf
966	clf
2	clf
428	clf
428	clf
386	clf
432	clf
504	clf
476	clf
516	clf
712	clf
696	clf
612	clf
1160	clf
884	clf
706	clf
626	clf
1122	clf
1276	clf
10	clf
48	clf
1182	clf
72	clf
102	clf
862	clf
868	clf
1044	clf
984	clf
1090	clf
962	clf
254	clf
1014	clf
718	clf
1944	clf
1446	clf
1120	clf
1220	clf
2284	clf
2276	clf
1580	clf
1730	clf
2368	clf
2372	clf
1878	clf
140	clf
148	clf
68	clf
122	clf
98	clf
78	clf
86	clf
90	clf
136	clf
128	clf
136	clf
130	clf
90	clf
80	clf
978	clf
1514	clf
2208	clf
2422	clf
2388	clf
2526	clf
2302	clf
2348	clf
2008	clf
2148	clf
2966	clf
2718	clf
3272	clf
2800	clf
2998	clf
14	clf
10	clf
10	clf
4	clf
22	clf
58	clf
36	clf
24	clf
1276	clf
1004	clf
796	clf
786	clf
186	clf
256	clf
1270	clf
1166	clf
1388	clf
1080	clf
1064	clf
1206	clf
1058	clf
1064	clf
1278	clf
1088	clf
1128	clf
1280	clf
1462	clf
1626	clf
1784	clf
1514	clf
1054	clf
414	clf
786	clf
624	clf
674	clf
688	clf
540	clf
784	clf
736	clf
874	clf
638	clf
600	clf
218	clf
4	clf
6	clf
398	clf
390	clf
236	clf
296	clf
368	clf
76	clf
300	clf
316	clf
584	clf
592	clf
418	clf
474	clf
296	clf
238	clf
138	clf
188	clf
266	clf
232	clf
228	clf
330	clf
326	clf
316	clf
310	clf
274	clf
288	clf
284	clf
508	clf
306	clf
288	clf
248	clf
306	clf
312	clf
310	clf
354	clf
80	clf
1566	clf
2120	clf
2192	clf
1134	clf
1460	clf
2372	clf
3618	clf
2476	clf
530	clf
498	clf
692	clf
486	clf
1444	clf
1872	clf
2014	clf
1662	clf
2066	clf
2244	clf
2232	clf
2538	clf
3190	clf
2608	clf
1580	clf
2452	clf
3254	clf
3320	clf
2494	clf
3476	clf
3014	clf
4396	clf
3564	clf
4764	clf
4044	clf
3900	clf
3872	clf
3772	clf
3934	clf
3726	clf
4968	clf
6734	clf
6658	clf
5320	clf
5748	clf
3936	clf
4794	clf
4948	clf
762	clf
406	clf
358	clf
324	clf
216	clf
262	clf
296	clf
288	clf
316	clf
248	clf
302	clf
404	clf
364	clf
354	clf
274	clf
296	clf
274	clf
210	clf
134	clf
38	clf
860	clf
4	clf
710	clf
552	clf
634	clf
776	clf
604	clf
818	clf
750	clf
654	clf
542	clf
636	clf
568	clf
886	clf
1236	clf
936	clf
692	clf
1104	clf
912	clf
708	clf
378	clf
92	clf
80	clf
112	clf
70	clf
78	clf
112	clf
102	clf
102	clf
144	clf
112	clf
70	clf
132	clf
102	clf
118	clf
134	clf
184	clf
100	clf
106	clf
54	clf
38	clf
118	clf
132	clf
14	clf
24	clf
86	clf
96	clf
26	clf
4	clf
1258	clf
1398	clf
1234	clf
2278	clf
328	clf
2082	clf
1960	clf
1546	clf
1914	clf
1254	clf
1314	clf
1686	clf
1748	clf
1744	clf
1908	clf
624	clf
886	clf
906	clf
760	clf
784	clf
788	clf
710	clf
1008	clf
1272	clf
864	clf
906	clf
202	clf
610	clf
848	clf
954	clf
700	clf
692	clf
810	clf
800	clf
1114	clf
426	clf
1120	clf
1150	clf
1034	clf
668	clf
5704	clf
4426	clf
9302	clf
7312	clf
6266	clf
370	clf
412	clf
378	clf
508	clf
482	clf
750	clf
560	clf
514	clf
416	clf
774	clf
828	clf
174	clf
88	clf
2688	clf
4118	clf
3180	clf
4082	clf
4186	clf
1416	clf
414	clf
924	clf
1030	clf
1120	clf
1186	clf
1230	clf
912	clf
1462	clf
1182	clf
174	clf
220	clf
138	clf
3214	clf
4406	clf
2830	clf
2582	clf
804	clf
96	clf
970	clf
794	clf
756	clf
842	clf
706	clf
704	clf
878	clf
1104	clf
1146	clf
1360	clf
812	clf
886	clf
1052	clf
1154	clf
1058	clf
1128	clf
1482	clf
1254	clf
1336	clf
1152	clf
1016	clf
1130	clf
1260	clf
1874	clf
1452	clf
996	clf
1646	clf
2554	clf
2318	clf
2102	clf
2304	clf
2476	clf
3496	clf
4310	clf
3786	clf
2862	clf
4374	clf
2906	clf
3878	clf
4804	clf
4342	clf
3836	clf
3378	clf
76	clf
510	clf
466	clf
432	clf
108	clf
268	clf
490	clf
586	clf
624	clf
444	clf
554	clf
312	clf
502	clf
616	clf
626	clf
494	clf
4	clf
36	clf
82	clf
68	clf
628	clf
904	clf
978	clf
624	clf
746	clf
990	clf
804	clf
610	clf
768	clf
1084	clf
866	clf
756	clf
794	clf
1734	clf
84	clf
2104	clf
3364	clf
440	clf
728	clf
644	clf
444	clf
780	clf
972	clf
958	clf
828	clf
720	clf
732	clf
670	clf
844	clf
750	clf
628	clf
292	clf
994	clf
746	clf
36	clf
558	clf
528	clf
296	clf
362	clf
380	clf
292	clf
318	clf
252	clf
366	clf
230	clf
262	clf
396	clf
406	clf
398	clf
280	clf
136	clf
1168	clf
2002	clf
2476	clf
2134	clf
1760	clf
2288	clf
2236	clf
2682	clf
2070	clf
1690	clf
314	clf
1578	clf
1160	clf
1132	clf
26	clf
1584	clf
1598	clf
1466	clf
778	clf
592	clf
1694	clf
1928	clf
1568	clf
1952	clf
756	clf
462	clf
512	clf
566	clf
396	clf
378	clf
460	clf
652	clf
438	clf
392	clf
554	clf
568	clf
658	clf
544	clf
498	clf
566	clf
532	clf
628	clf
738	clf
610	clf
778	clf
400	clf
668	clf
520	clf
970	clf
1216	clf
910	clf
966	clf
772	clf
1106	clf
1070	clf
954	clf
710	clf
1012	clf
968	clf
926	clf
1252	clf
1766	clf
1734	clf
158	clf
100	clf
40	clf
106	clf
150	clf
194	clf
366	clf
238	clf
82	clf
604	clf
1618	clf
904	clf
736	clf
2502	clf
2382	clf
2424	clf
2900	clf
1876	clf
2752	clf
2430	clf
2844	clf
3302	clf
2580	clf
3002	clf
3380	clf
3754	clf
3016	clf
3374	clf
2864	clf
5240	clf
1006	clf
338	clf
518	clf
384	clf
484	clf
438	clf
326	clf
530	clf
340	clf
236	clf
574	clf
668	clf
588	clf
446	clf
676	clf
578	clf
722	clf
40	clf
98	clf
10	clf
378	clf
1140	clf
1136	clf
1354	clf
2526	clf
1680	clf
996	clf
1316	clf
1384	clf
1272	clf
1652	clf
1460	clf
1356	clf
2202	clf
1378	clf
1564	clf
1478	clf
1502	clf
56	clf
1688	clf
2046	clf
1718	clf
2408	clf
2642	clf
1954	clf
2324	clf
2620	clf
2078	clf
2276	clf
1216	clf
1630	clf
2212	clf
2004	clf
706	clf
636	clf
700	clf
634	clf
1378	clf
78	clf
146	clf
1094	clf
1608	clf
1142	clf
1350	clf
894	clf
1050	clf
1026	clf
1532	clf
2264	clf
838	clf
502	clf
242	clf
148	clf
110	clf
186	clf
472	clf
566	clf
698	clf
386	clf
314	clf
472	clf
502	clf
196	clf
186	clf
18	clf
7648	clf
4872	clf
3490	clf
3324	clf
13548	clf
10578	clf
6856	clf
3436	clf
5550	clf
664	clf
1148	clf
1018	clf
1178	clf
778	clf
868	clf
880	clf
1412	clf
1190	clf
1208	clf
128	clf
2050	clf
3194	clf
2626	clf
644	clf
932	clf
540	clf
540	clf
574	clf
756	clf
176	clf
34	clf
8	clf
8	clf
824	clf
818	clf
770	clf
750	clf
662	clf
1156	clf
1064	clf
1118	clf
902	clf
812	clf
724	clf
1086	clf
1162	clf
608	clf
632	clf
1010	clf
190	clf
184	clf
370	clf
292	clf
418	clf
236	clf
432	clf
418	clf
518	clf
344	clf
418	clf
318	clf
428	clf
488	clf
558	clf
682	clf
480	clf
220	clf
214	clf
248	clf
1202	clf
1102	clf
1784	clf
1588	clf
1504	clf
1436	clf
1484	clf
582	clf
224	clf
552	clf
1030	clf
1148	clf
1042	clf
978	clf
296	clf
828	clf
1204	clf
962	clf
2064	clf
1464	clf
1464	clf
1562	clf
1028	clf
468	clf
440	clf
492	clf
494	clf
682	clf
424	clf
740	clf
890	clf
986	clf
854	clf
930	clf
984	clf
842	clf
208	clf
110	clf
86	clf
120	clf
116	clf
116	clf
114	clf
112	clf
152	clf
86	clf
60	clf
96	clf
80	clf
60	clf
36	clf
66	clf
130	clf
106	clf
16	clf
8936	clf
9030	clf
13954	clf
5996	clf
2316	clf
42	clf
82	clf
50	clf
64	clf
84	clf
110	clf
74	clf
54	clf
84	clf
88	clf
44	clf
64	clf
76	clf
88	clf
96	clf
44	clf
110	clf
126	clf
152	clf
122	clf
162	clf
160	clf
230	clf
222	clf
48	clf
90	clf
1796	clf
1844	clf
2164	clf
2264	clf
2898	clf
2172	clf
1432	clf
1424	clf
1922	clf
2238	clf
2534	clf
2986	clf
1944	clf
4528	clf
3494	clf
3032	clf
2272	clf
928	clf
1140	clf
1406	clf
1380	clf
1066	clf
1306	clf
1810	clf
1806	clf
1340	clf
598	clf
1076	clf
464	clf
890	clf
874	clf
680	clf
180	clf
240	clf
1000	clf
1198	clf
916	clf
1068	clf
686	clf
654	clf
396	clf
932	clf
852	clf
876	clf
1084	clf
946	clf
920	clf
1100	clf
924	clf
972	clf
794	clf
672	clf
1236	clf
1190	clf
1024	clf
446	clf
522	clf
884	clf
542	clf
640	clf
998	clf
878	clf
772	clf
978	clf
1148	clf
1314	clf
1100	clf
1380	clf
1314	clf
1424	clf
1480	clf
1142	clf
266	clf
480	clf
410	clf
466	clf
578	clf
406	clf
394	clf
414	clf
244	clf
228	clf
324	clf
618	clf
556	clf
584	clf
526	clf
214	clf
1348	clf
1560	clf
1302	clf
1340	clf
1548	clf
2054	clf
2042	clf
1880	clf
822	clf
116	clf
2222	clf
3066	clf
2712	clf
2228	clf
2184	clf
2548	clf
2058	clf
192	clf
310	clf
28	clf
178	clf
248	clf
258	clf
146	clf
146	clf
112	clf
140	clf
130	clf
190	clf
220	clf
66	clf
254	clf
208	clf
118	clf
242	clf
270	clf
228	clf
288	clf
282	clf
394	clf
90	clf
152	clf
216	clf
134	clf
816	clf
3270	clf
2302	clf
1666	clf
2398	clf
2562	clf
2516	clf
2482	clf
2340	clf
1098	clf
3414	clf
2672	clf
2650	clf
1398	clf
234	clf
3670	clf
2452	clf
3104	clf
2704	clf
2650	clf
3084	clf
3696	clf
3724	clf
2282	clf
3708	clf
176	clf
272	clf
296	clf
468	clf
438	clf
546	clf
490	clf
522	clf
782	clf
512	clf
556	clf
588	clf
8	clf
34	clf
92	clf
1388	clf
1626	clf
1376	clf
1584	clf
1752	clf
1466	clf
1598	clf
1102	clf
1560	clf
1072	clf
1808	clf
2106	clf
1876	clf
1562	clf
2126	clf
1696	clf
2020	clf
1506	clf
1946	clf
2174	clf
302	clf
1556	clf
2864	clf
334	clf
1996	clf
1354	clf
1658	clf
2120	clf
1730	clf
20	clf
320	clf
304	clf
116	clf
302	clf
312	clf
340	clf
362	clf
362	clf
264	clf
208	clf
290	clf
332	clf
162	clf
160	clf
60	clf
114	clf
82	clf
30	clf
1020	clf
1252	clf
1832	clf
1548	clf
1630	clf
1454	clf
1684	clf
1436	clf
1920	clf
1064	clf
1320	clf
1118	clf
1074	clf
1282	clf
312	clf
14	clf
834	clf
1228	clf
960	clf
860	clf
738	clf
1036	clf
982	clf
978	clf
984	clf
676	clf
1014	clf
926	clf
856	clf
1018	clf
1254	clf
122	clf
128	clf
70	clf
1944	clf
2454	clf
2390	clf
2854	clf
3738	clf
3774	clf
3194	clf
88	clf
822	clf
2716	clf
3088	clf
3278	clf
3380	clf
3412	clf
3340	clf
4360	clf
4100	clf
5098	clf
4006	clf
3452	clf
1580	clf
3072	clf
5128	clf
4772	clf
1060	clf
4236	clf
4296	clf
2076	clf
3224	clf
1192	clf
3150	clf
3376	clf
442	clf
494	clf
516	clf
480	clf
444	clf
478	clf
70	clf
212	clf
446	clf
342	clf
74	clf
30	clf
22	clf
304	clf
172	clf
958	clf
808	clf
816	clf
1002	clf
1008	clf
1276	clf
690	clf
992	clf
1268	clf
650	clf
1190	clf
2030	clf
1212	clf
1668	clf
126	clf
272	clf
418	clf
314	clf
484	clf
452	clf
424	clf
382	clf
682	clf
466	clf
422	clf
434	clf
526	clf
522	clf
614	clf
572	clf
450	clf
516	clf
488	clf
590	clf
752	clf
628	clf
536	clf
968	clf
54	clf
82	clf
6	clf
298	clf
342	clf
324	clf
342	clf
344	clf
350	clf
376	clf
386	clf
444	clf
374	clf
416	clf
424	clf
308	clf
456	clf
42	clf
464	clf
480	clf
560	clf
612	clf
848	clf
694	clf
366	clf
310	clf
310	clf
300	clf
354	clf
558	clf
418	clf
528	clf
530	clf
472	clf
474	clf
536	clf
530	clf
430	clf
466	clf
684	clf
584	clf
536	clf
496	clf
526	clf
562	clf
160	clf
342	clf
1524	clf
1816	clf
4114	clf
3550	clf
4322	clf
2390	clf
2184	clf
1974	clf
1348	clf
5772	clf
5556	clf
4668	clf
6588	clf
7990	clf
7186	clf
1140	clf
2132	clf
3446	clf
3340	clf
3106	clf
2386	clf
2258	clf
880	clf
48	clf
44	clf
54	clf
26	clf
32	clf
42	clf
22	clf
42	clf
52	clf
44	clf
48	clf
78	clf
40	clf
34	clf
60	clf
28	clf
36	clf
26	clf
38	clf
38	clf
22	clf
26	clf
34	clf
44	clf
22	clf
354	clf
346	clf
312	clf
242	clf
16	clf
288	clf
466	clf
248	clf
184	clf
332	clf
258	clf
186	clf
296	clf
1830	clf
2992	clf
2156	clf
2910	clf
3046	clf
2204	clf
1618	clf
3860	clf
1478	clf
2228	clf
472	clf
4920	clf
6374	clf
10760	clf
9084	clf
7192	clf
6	clf
174	clf
246	clf
248	clf
310	clf
272	clf
222	clf
58	clf
70	clf
22	clf
54	clf
214	clf
266	clf
132	clf
450	clf
704	clf
618	clf
726	clf
726	clf
292	clf
94	clf
274	clf
300	clf
16	clf
16	clf
20	clf
26	clf
28	clf
28	clf
32	clf
32	clf
70	clf
856	clf
1794	clf
1614	clf
1870	clf
1730	clf
256	clf
276	clf
180	clf
348	clf
242	clf
1010	clf
1010	clf
964	clf
2082	clf
1964	clf
6	clf
238	clf
254	clf
456	clf
748	clf
594	clf
246	clf
80	clf
278	clf
98	clf
196	clf
424	clf
392	clf
254	clf
318	clf
350	clf
262	clf
304	clf
282	clf
258	clf
286	clf
324	clf
338	clf
388	clf
310	clf
292	clf
316	clf
372	clf
392	clf
398	clf
374	clf
450	clf
360	clf
342	clf
366	clf
536	clf
418	clf
444	clf
226	clf
480	clf
570	clf
830	clf
748	clf
622	clf
652	clf
96	clf
12	clf
3108	clf
3176	clf
3454	clf
228	clf
254	clf
288	clf
218	clf
318	clf
306	clf
436	clf
322	clf
332	clf
254	clf
384	clf
16	clf
410	clf
78	clf
372	clf
278	clf
310	clf
252	clf
518	clf
1458	clf
1156	clf
1634	clf
1152	clf
1696	clf
1556	clf
1914	clf
564	clf
408	clf
294	clf
402	clf
340	clf
312	clf
340	clf
376	clf
382	clf
378	clf
504	clf
484	clf
534	clf
436	clf
368	clf
108	clf
94	clf
48	clf
82	clf
30	clf
118	clf
92	clf
16	clf
234	clf
170	clf
118	clf
106	clf
236	clf
276	clf
522	clf
418	clf
386	clf
104	clf
170	clf
538	clf
688	clf
356	clf
438	clf
452	clf
680	clf
560	clf
484	clf
506	clf
648	clf
550	clf
506	clf
630	clf
702	clf
668	clf
480	clf
482	clf
608	clf
740	clf
718	clf
832	clf
592	clf
678	clf
770	clf
894	clf
860	clf
1006	clf
786	clf
818	clf
1018	clf
932	clf
888	clf
1420	clf
1470	clf
932	clf
1480	clf
982	clf
1568	clf
1148	clf
984	clf
1232	clf
1518	clf
30	clf
2444	clf
1972	clf
2958	clf
2262	clf
2422	clf
2426	clf
2430	clf
1728	clf
140	clf
4	clf
4	clf
2362	clf
3290	clf
4412	clf
2840	clf
3384	clf
2816	clf
2272	clf
1908	clf
3558	clf
3628	clf
2628	clf
526	clf
588	clf
1716	clf
1512	clf
1274	clf
1368	clf
1488	clf
1498	clf
1468	clf
2594	clf
472	clf
64	clf
80	clf
132	clf
10	clf
44	clf
208	clf
162	clf
164	clf
166	clf
290	clf
242	clf
172	clf
246	clf
162	clf
216	clf
228	clf
236	clf
218	clf
254	clf
272	clf
278	clf
296	clf
340	clf
344	clf
232	clf
234	clf
196	clf
1324	clf
272	clf
2636	clf
2194	clf
2026	clf
1760	clf
2764	clf
3304	clf
2234	clf
1456	clf
2298	clf
1758	clf
1008	clf
1174	clf
882	clf
1358	clf
1332	clf
1128	clf
1454	clf
1164	clf
1352	clf
520	clf
218	clf
422	clf
2698	clf
3130	clf
1656	clf
2364	clf
2614	clf
3262	clf
2958	clf
2234	clf
746	clf
992	clf
1606	clf
138	clf
406	clf
222	clf
334	clf
444	clf
520	clf
554	clf
692	clf
574	clf
678	clf
586	clf
270	clf
108	clf
406	clf
484	clf
98	clf
4176	clf
3926	clf
6238	clf
5246	clf
602	clf
788	clf
614	clf
568	clf
920	clf
724	clf
1014	clf
1208	clf
1412	clf
1296	clf
674	clf
726	clf
654	clf
418	clf
396	clf
440	clf
464	clf
476	clf
222	clf
286	clf
520	clf
638	clf
530	clf
740	clf
634	clf
710	clf
284	clf
176	clf
172	clf
182	clf
192	clf
180	clf
162	clf
244	clf
222	clf
248	clf
152	clf
650	clf
336	clf
910	clf
1024	clf
860	clf
888	clf
1034	clf
1170	clf
1570	clf
924	clf
944	clf
1294	clf
1276	clf
1242	clf
1228	clf
1044	clf
1340	clf
2250	clf
406	clf
464	clf
78	clf
210	clf
206	clf
238	clf
282	clf
530	clf
1442	clf
1392	clf
1580	clf
1244	clf
1386	clf
1504	clf
2216	clf
1306	clf
1576	clf
2132	clf
1454	clf
1600	clf
1566	clf
1818	clf
1662	clf
2040	clf
1192	clf
1072	clf
2272	clf
2370	clf
454	clf
468	clf
1504	clf
1008	clf
160	clf
448	clf
326	clf
850	clf
836	clf
1062	clf
1144	clf
1104	clf
1280	clf
1078	clf
1474	clf
1328	clf
986	clf
1326	clf
1080	clf
1622	clf
1106	clf
1326	clf
1236	clf
1382	clf
1184	clf
1356	clf
1540	clf
1356	clf
1796	clf
1608	clf
1380	clf
1902	clf
1508	clf
2346	clf
1822	clf
1666	clf
1718	clf
324	clf
1112	clf
1098	clf
1048	clf
1624	clf
1532	clf
2500	clf
1784	clf
478	clf
390	clf
550	clf
626	clf
608	clf
756	clf
598	clf
296	clf
300	clf
12	clf
3658	clf
46	clf
3322	clf
3784	clf
3106	clf
3734	clf
3298	clf
3772	clf
860	clf
1154	clf
1344	clf
1070	clf
948	clf
696	clf
1146	clf
1312	clf
1276	clf
866	clf
1482	clf
702	clf
1928	clf
1684	clf
2614	clf
2146	clf
2006	clf
672	clf
766	clf
1524	clf
336	clf
2570	clf
1248	clf
1772	clf
968	clf
100	clf
560	clf
640	clf
1002	clf
822	clf
674	clf
818	clf
770	clf
62	clf
618	clf
822	clf
540	clf
388	clf
236	clf
786	clf
1298	clf
938	clf
800	clf
358	clf
620	clf
544	clf
1820	clf
2230	clf
1950	clf
1622	clf
1150	clf
2892	clf
2546	clf
2066	clf
3456	clf
2536	clf
2610	clf
2486	clf
2656	clf
2856	clf
1750	clf
3558	clf
2910	clf
3454	clf
3930	clf
388	clf
588	clf
638	clf
270	clf
206	clf
688	clf
302	clf
244	clf
286	clf
382	clf
302	clf
474	clf
298	clf
274	clf
398	clf
294	clf
438	clf
484	clf
522	clf
640	clf
2	clf
618	clf
2	clf
1328	clf
448	clf
1106	clf
990	clf
1044	clf
1214	clf
820	clf
650	clf
1138	clf
974	clf
988	clf
552	clf
888	clf
1012	clf
1016	clf
912	clf
848	clf
512	clf
820	clf
1254	clf
1354	clf
1096	clf
1126	clf
1050	clf
768	clf
1154	clf
1580	clf
1262	clf
1422	clf
1354	clf
300	clf
628	clf
1380	clf
2436	clf
2376	clf
1368	clf
1584	clf
2080	clf
446	clf
1260	clf
556	clf
8	clf
148	clf
210	clf
1572	clf
1678	clf
2334	clf
2830	clf
2602	clf
3114	clf
3040	clf
1720	clf
2822	clf
3410	clf
2922	clf
3324	clf
3878	clf
3166	clf
2080	clf
2990	clf
3102	clf
2082	clf
62	clf
56	clf
124	clf
150	clf
124	clf
74	clf
92	clf
198	clf
162	clf
122	clf
128	clf
140	clf
180	clf
178	clf
148	clf
168	clf
154	clf
92	clf
136	clf
158	clf
144	clf
140	clf
126	clf
156	clf
102	clf
210	clf
208	clf
180	clf
196	clf
126	clf
188	clf
216	clf
246	clf
190	clf
142	clf
168	clf
212	clf
236	clf
234	clf
304	clf
180	clf
280	clf
222	clf
336	clf
384	clf
368	clf
300	clf
264	clf
274	clf
406	clf
396	clf
298	clf
464	clf
462	clf
556	clf
90	clf
82	clf
1142	clf
1408	clf
1118	clf
1310	clf
1372	clf
1432	clf
1676	clf
1664	clf
1616	clf
860	clf
1478	clf
916	clf
1368	clf
1610	clf
464	clf
1574	clf
2564	clf
2148	clf
2874	clf
2748	clf
2810	clf
2594	clf
2566	clf
558	clf
586	clf
1036	clf
1542	clf
32	clf
1724	clf
1680	clf
1848	clf
1792	clf
1788	clf
494	clf
658	clf
728	clf
934	clf
476	clf
1148	clf
164	clf
280	clf
72	clf
736	clf
736	clf
1028	clf
1146	clf
350	clf
434	clf
750	clf
1380	clf
1202	clf
1550	clf
650	clf
434	clf
910	clf
978	clf
1114	clf
1400	clf
1246	clf
754	clf
1122	clf
1310	clf
1254	clf
1352	clf
1358	clf
1550	clf
1934	clf
1872	clf
12	clf
372	clf
262	clf
266	clf
246	clf
176	clf
322	clf
352	clf
398	clf
312	clf
374	clf
18	clf
136	clf
78	clf
80	clf
218	clf
124	clf
118	clf
168	clf
160	clf
244	clf
170	clf
56	clf
206	clf
206	clf
284	clf
220	clf
260	clf
1014	clf
476	clf
336	clf
702	clf
354	clf
60	clf
106	clf
1280	clf
2154	clf
356	clf
818	clf
312	clf
424	clf
948	clf
1094	clf
1358	clf
1154	clf
1238	clf
1290	clf
1046	clf
848	clf
164	clf
270	clf
174	clf
306	clf
424	clf
304	clf
486	clf
218	clf
284	clf
360	clf
352	clf
386	clf
4	clf
56	clf
152	clf
150	clf
254	clf
232	clf
264	clf
196	clf
224	clf
96	clf
142	clf
94	clf
44	clf
100	clf
56	clf
30	clf
178	clf
290	clf
264	clf
238	clf
244	clf
224	clf
348	clf
332	clf
356	clf
428	clf
402	clf
220	clf
350	clf
436	clf
432	clf
404	clf
254	clf
362	clf
326	clf
428	clf
206	clf
310	clf
226	clf
18	clf
352	clf
590	clf
756	clf
538	clf
494	clf
644	clf
1460	clf
1364	clf
1250	clf
1588	clf
1510	clf
1572	clf
512	clf
1350	clf
1812	clf
1526	clf
1326	clf
1700	clf
1530	clf
1848	clf
1882	clf
650	clf
